primer_pair_idx	ERV_group	ERV_subgroup	ERV_names	genbank_AC	ERV_component	locus	Hg19_coord	Hg38_coord	fw_name	fw_primer	rev_name	rev_primer	DNA	HERVolution
78	HERV-E	CT-RCC			env					GGA GTA ATA ACA GTA TTA GGA ACC TGC T		CTT GTG CTG AAC TAT TTT GGT GAA TT	FALSE	FALSE
79	HERV-E	CT-RCC			env					GGA ATG ACC AAC CTC ATG TGT C		GAA GCC TAG GAG CTC ATC ACC TG	FALSE	FALSE
45	HERV-R	ERV3		M12140	3' LTR					AGA GCT ACT TCC TCT TGA AG		CAA AAT CTT TAC AGA CTT GCA G	TRUE	FALSE
46	HERV-R	ERV3		M12140	3' LTR					CTT TGT TCT GCT CTC ACA AC		AGA GAT CAC TGG GTG CAA CA	TRUE	FALSE
47	HERV-R	ERV3		M12140	3' LTR					GGC TCA TGT TGC AAA TCC TG		CAA GTC GGG TTT TTG GCG CA	TRUE	FALSE
48	HERV-R	ERV3		M12140	3' LTR					GGC TCA GCC TTT GGA TGT T		AAT GAC AGA TGC GGG CTA GG	TRUE	FALSE
43	HERV-R	ERV3		M12140	5' LTR					GAG GCA GGA AAT ATA AAA GG		AAA TCT TTG CAA ACT TGC AG	TRUE	FALSE
44	HERV-R	ERV3		M12140	5' LTR					CTT TGT TCT GCT CTC ACA AC		CTC CTG GCT GGC TCA CCA	TRUE	FALSE
50	HERV-R	ERV3		AC073210	env	7q11.21				CAT GGG AAG CAA GGG AAC T		CTT TCC CCA GCG AGC AAT AC	FALSE	FALSE
51	HERV-R	ERV3			env					CCA TGG GAA GCA AGG GAA CT		CTT TCC CCA GCG AGC AAT AC	FALSE	FALSE
59	HERV-R	ERV3			env					TTA TAC TTT GAT GTT TGG CAG A		GTC TAA GGC CAG TCT ATT TTG	FALSE	FALSE
60	HERV-R	ERV3			env					TGA AAG ACT GTT CGG CAA GC		CCA AGG CAC AAT TCC TGC AA	TRUE	FALSE
61	HERV-R	ERV3			env					CTT GTC TAT TCC CAC TGT TG		GAC TTC AGA TTT CTA ACC AC	TRUE	FALSE
62	HERV-R	ERV3			env					AAG CTT GAG TCA TCA TCA GG		GTT TTA GTC ATG ATG TTC CC	TRUE	FALSE
63	HERV-R	ERV3			env					ACT GCA CCC ACA CTA CGT GT		AAG GAT ACG ACA TCC TTG CC	TRUE	FALSE
64	HERV-R	ERV3			env					CCA AAC CAA GGT ATT TCC CT		CCT AGC GGT GTC TTT AAA CC	TRUE	FALSE
65	HERV-R	ERV3			env					CAG ATC AGC CCA TAT GGA CA		GCC ATT GGT CTC CCA TGT TC	TRUE	FALSE
66	HERV-R	ERV3			env					AGC CTG CAC GTT GCT TCA TG		CTT TTG CCC CTC CAT AAA GTC	TRUE	FALSE
67	HERV-R	ERV3			env					TAT TAC AAC GAG ACA CTA GG		TCA TCA TAG ATG GGG TAT CC	TRUE	FALSE
68	HERV-R	ERV3			env					CCT AAA ACA GGG AGA AGC CT		CTG GGC AAG CAG ATT CAA GG	TRUE	FALSE
69	HERV-R	ERV3			env					ATT ACC AAT GAA ACT GCA GG		TCC TCC AAG GGA TAA GAA CC	TRUE	FALSE
70	HERV-R	ERV3			env					CCA GAT TCC CTT TTC AGA GG		GAG AAA GCA TCA CTA TCT TC	TRUE	FALSE
52	HERV-R	ERV3		M12140	pol/env	7q11.2				GGG CCA ATT ATG CTT ACC AA		ATG GGC TGA TCT GGC TCT AA	FALSE	FALSE
53	HERV-R	ERV3		M12140	pol/env	7q11.2				AAC TAA TGC CCC AAG ATA ATT TCA		TTA AGA ACC AGA TGC TCT GAC TTG	FALSE	FALSE
56	HERV-R	ERV3			pol/env				S2	CGG CCG AAG CTT GAG TCA TCA TCA GGG	AS	GTT AAT ACT TAG TTA GGG CC	TRUE	FALSE
57	HERV-R	ERV3			pol/env				S3	AAC CAA CAA TCA CTA GGG CC	AS3	TGC CCC TCC ATA AAG TCT TTC CTA G	TRUE	FALSE
58	HERV-R	ERV3			pol/env				T7atg	GCT AAT ACG ACT CAC TAT AGG AAC AGA CCA CCa tgA CTA AAA CCC TGT TGT ATC A	AS	GTT AAT ACT TAG TTA GGG CC	TRUE	FALSE
49	HERV-R	ERV3								ACA CTA CGT GTC GGG GAA CAT CAT G		ACC AAC CTC TGA AAA GGG AAT CTG G	FALSE	FALSE
54	HERV-R	ERV3-1			env	7q11.21				CTA CTA CCA GTG CCT GAT TTA C		CGC AGG AGG AAG AGA AAT TAT	FALSE	FALSE
55	HERV-R	ERV3-1			env	7q11.21				CGC TAG GGG CAC GAG TCA		AGG CAA TTT CTG GTT AAC ATG CT	FALSE	FALSE
500	HERV-W	ERVWE-1	"ERVW-1; syncytin-1"		env				syncytin-1_for	TTCACTGCCCACACCCAT	syncytin-1_rev	CCCCATCAGACATACCAGTT	FALSE	FALSE
501	HERV-W	ERVWE2	ERVW-2		env	Xq22.3			Xq22.3_for	GCTGCTGTACAACCAGTAGCTC	Xq22.3_rev	TTCTCTTGCCTGACCTTGAAT	FALSE	FALSE
441	HERV-W	ERVWE2				Xq22.3				TGCTGTATGTGTAAGGGCAGA		CATGCTGGCAGTATTCTGGA	TRUE	FALSE
442	HERV-W	ERVWE2				Xq22.3				GGGCTTTGTAGACTATGATAAGAAGTT		AGCACAGCAAGAGGGACAAT	TRUE	FALSE
443	HERV-W	ERVWE2				Xq22.3				GCTCGAATGCCTGGGTTTAT		CCCTAAGCCTAGCTGGGAAG	TRUE	FALSE
444	HERV-W	ERVWE2				Xq22.3				AGCCCCGTGTTTAAAGGTG		CCCTTGTTCCGATGTTAATGA	TRUE	FALSE
445	HERV-W	ERVWE2				Xq22.3				GGGTTGTGCAGTTGAGATTTCC		GCTTTACAGCTTCAATTCTGGAAG	TRUE	FALSE
446	HERV-W	ERVWE2				Xq22.3				GGCTCCATTTGAAGAACCAT		GGAGCTTCAAAACACCGAAC	TRUE	FALSE
447	HERV-W	ERVWE2				Xq22.3				AGAACCCAGGGCATCCAT		CCCTAGCAGCAGTAGTCCTTCA	TRUE	FALSE
448	HERV-W	ERVWE2				Xq22.3				AGAACCCAGGGCATCCAT		CCCTAGCAGCAGTAGTCCTTCA	TRUE	FALSE
449	HERV-W	ERVWE2				Xq22.3				TGTAGTAGAACTGAGTAGAGGTTGTGA		CAGCCTATCATTGTTTGAATGG	TRUE	FALSE
450	HERV-W	ERVWE2				Xq22.3				GGGGCACTAAGAATGAGAGG		GGACCTCTTGTTTCCAATCTG	TRUE	FALSE
451	HERV-W	ERVWE2				Xq22.3				CAGGTGAGGTTTGAGGTATGG		ACTCGGCTCCATGAGGTCT	TRUE	FALSE
452	HERV-W	ERVWE2				Xq22.3				GGAGGCACATCCAACAGTTA		GGAATTCAAGGTCAGGCAAG	TRUE	FALSE
453	HERV-W	ERVWE2				Xq22.3				CTATGTCCCCGGGTCAGTT		CCCGCAACTGCTATAACTCTG	TRUE	FALSE
454	HERV-W	ERVWE2				Xq22.3				CATTTTCCCTGTCCAATAATGA		CTCTTACCCCCTTTCGCTCT	TRUE	FALSE
455	HERV-W	ERVWE2				Xq22.3				GGTTGTACAGCAGCATGGAG		GGGAAGAGATCTTACTGTGTGGA	TRUE	FALSE
456	HERV-W	ERVWE2				Xq22.3				AGTGAGCATGCCGTTCACAT		TCCTTACACAGGTCCGAAGG	TRUE	FALSE
457	HERV-W	ERVWE2				Xq22.3				TCAATTTCCTTACTCAGGTACGC		GGAAACTCAGAAAGCCAATACC	TRUE	FALSE
458	HERV-W	ERVWE2				Xq22.3				CAGGTGCCCATCTTACTAAA		AAGAACGTATCCAGCCTACA	TRUE	FALSE
459	HERV-W	ERVWE2				Xq22.3				TGCTTTAGGGTTTTGGGATG		TTGCACAACATTGTGAATGTACTTA	TRUE	FALSE
127	HERV-T	HC	HC2	Z70664	pol					TGG GTA AAG CTC CTT CCT TTA G		ATG ACA TAT GAG GTC CTT TTC	FALSE	FALSE
507	HERVERI	HERV 4700			env					CTGCTTAGGTCCATCCAGAATC		TGATCAGGTGACGGAGTGTA	TRUE	FALSE
508	HERVERI	HERV 4700			env					CCAGGCCTGTAGGTTAAAGATT		GTGGTGAGGAAGGCAAGTATT	TRUE	FALSE
503	HERVERI	HERV 4700			gag					GACGCTCCCAGCAGAATAAA		CCGGTCAGGAAACCAAGAAA	TRUE	FALSE
504	HERVERI	HERV 4700			gag					GTCCTGCTACATTTCTTGGTTTC		GCACTCTCAGGATCCACATT	TRUE	FALSE
505	HERVERI	HERV 4700			pol					GTGTGGGATATGCAGTGGTAA		GGCCCGAATTAAAGCAATGAG	TRUE	FALSE
506	HERVERI	HERV 4700			pol					CCATCCTTGGATGTCACTAGAC		CCAGGGTTACCACTGCATATC	TRUE	FALSE
72	HERV-E	HERV-E4-1		M10976	env (SU)					CTG GTC CAC GCA CGG CCG AAG CAT G		AAA AGG ACG ACT TAA TAG AGC CAA T	FALSE	FALSE
73	HERV-E	HERV-E4-1		M10976	env (SU)					CCG GGA TCC CAG AAG CTC ATC ATG GGA TTC		CCG AAG CTT AAC ACA ACT GCC TGC CTA TTT	FALSE	FALSE
74	HERV-E	HERV-E4-1		M10976	env (SU)					ATT TGA TGC TTG TGC AGC CAT TA		TTC TTT TTC CAA GTA GCC CAA AT	FALSE	FALSE
75	HERV-E	HERV-E4-1		M10976	env (TM)					TCG GTT ACC TAA TAA ATA GGC AGG C		GCA ATA CAC CTA CAA TGA GGG TTT T	FALSE	FALSE
76	HERV-E	HERV-E4-1		M10976	env (TM)					CCG GAA TTC AGT TGT GTT ATT GGC ACT ATT AAG		CCG CTC GAG AAA TCC TCC TAT AGC TGG AAA CCA	FALSE	FALSE
71	HERV-E	HERV-E4-1		M10976	gag					CAC ATG GTG GAG AGT CGT GTT T		GCT TGC GGC TTT TCA GTA TAG G	FALSE	FALSE
77	HERV-E	HERV-E4-1		M10976						CTT TGG GGA GGC GTT GGC TCG AGA CC		GCT TTC TTT CTG ATC CTA GGC TGT G	FALSE	FALSE
292	HERV-H	HERV-H1			gag	3p14.3				CTTCCCTCACTTAGCTTCGTATT		GAGATGTTTCTTGGGCTGGT	TRUE	FALSE
291	HERV-H	HERV-H1			soloLTR	3p14.3				CCCTCACTTAGCTTCGTATTCTC		GGTCTTCCCTGACTATGGTTTC	TRUE	FALSE
288	HERV-H	HERV-H2			env	5p15.31				CTTCAGCTTAATCTCTCCCACTC		CCCTTTATTTCTAGTAAGGCTTGTTG	TRUE	FALSE
290	HERV-H	HERV-H4			env	2q34				AGACACCAGACCGACTTAGA		CTCCCTGACCACGTGATTATT	TRUE	FALSE
289	HERV-H	HERV-H4			soloLTR	2q34				GCAATAGTGATCTCGGGTCAAA		CTTGTTCCAATGACGACCTGTA	TRUE	FALSE
287	HERV-H	HERV-H8			env	4q22.1				CTTCAGCTTAATCTCTCCCACTC		GACATGGAGCACCTGGAAA	TRUE	FALSE
286	HERV-H	HERV-H8			soloLTR	4q22.1				ACACTTAGAAGACCTCCATCTTAAT		TTGCCTGCATACACAATTCTTC	TRUE	FALSE
390	HERV-K	HERV-K101			5'Flanking/3'Flanking				MB-1	AGTCAGCAAAGGGTGGTGG	SM-4	TCCTGAGCTGGAGAACAGACCCCA	TRUE	FALSE
391	HERV-K	HERV-K102			5'Flanking/3'Flanking				MB-13	CCCAGGACCTCTTTCTTTGTGA	MB-9	CTTCTTCAGCATTTGAGGGTC	TRUE	FALSE
392	HERV-K	HERV-K103			5'Flanking/3'Flanking				MB-2	GATTTCGAGCCACCTCTGAAG	MB-3	CTCAGAAACAGGCTTAAGACG	TRUE	FALSE
393	HERV-K	HERV-K104			5'Flanking/3'Flanking				MB-20	CAGCATCATCCGGACACCAAAG	MB-8	TAGTGGTAGAGAGGGCATACT	TRUE	FALSE
394	HERV-K	HERV-K105			5'Flanking/3'Flanking				MB-6	CCTCGTGAGAAACGAACATGC	MB-32	GATTCCAGAACACTGCTGCG	TRUE	FALSE
395	HERV-K	HERV-K106			5'Flanking/3'Flanking				MB-34	GGTGTTGCTGTGAAGGTATTC	MB-35	TCCATGGCTATCCACGAGA	TRUE	FALSE
396	HERV-K	HERV-K107			5'Flanking/3'Flanking				MB-22	CATTACAGGTTGAGCACCCC	K10 3fl	CCTAGTTCAAGTGATTCTCC	TRUE	FALSE
397	HERV-K	HERV-K108			5'Flanking/3'Flanking				MB-27	GTAGCTAGGGTGACAGGAGTG	MB-36	CTTTGTGGATTGTAATTTGGGG	TRUE	FALSE
398	HERV-K	HERV-K109			5'Flanking/3'Flanking				MB-23	GTCCTTTAATGTCTCCCCTC	MB-37	CAGATGAGATGTCAAGCAAGGT	TRUE	FALSE
399	HERV-K	HERV-K110			5'Flanking/3'Flanking				MB-25	CTCCTGAGCTTCTTGGGTCA	MB-26	CCAGTAATGGCAATGCTGGCTATG	TRUE	FALSE
294	HERV-K	HERV-K2			env	5p13.3				TGCAGGTGTAACCAACAG		TGTATTCTGCCATTCACATTTC	TRUE	FALSE
293	HERV-K	HERV-K2			soloLTR	5p13.3				CTGGGATGCAAGTCTTGTTTA		TGTATTCTGCCATTCACATTTC	TRUE	FALSE
284	HERV-W	HERV-W2			env	18q21				GAGTGCACCTGTTAGGCTATTT		GCCCATGCTCCAATGTTAATG	TRUE	FALSE
285	HERV-W	HERV-W2			gag	18q21				GGACAGGTGCCTGGTAATTT		TCTCCCTCACCTGCTTCTAT	TRUE	FALSE
283	HERV-W	HERV-W2			soloLTR	18q21				GAGTGCACCTGTTAGGCTATTT		TCTCCCTCACCTGCTTCTATC	TRUE	FALSE
485	HERV-W	HERV17			env				17_7548_for	GAACAATGGAACAACTTCAGCAC			TRUE	FALSE
486	HERV-W	HERV17			env				17_7568_for	GCACAGAAATAAACACCACTTCC			TRUE	FALSE
487	HERV-W	HERV17			env						17_7821_rev	CACTAAGAATGAGAGGAAGCAC	TRUE	FALSE
488	HERV-W	HERV17			env						17_7821_rev2	CACTAAGAATGACAGGAAGCAC	TRUE	FALSE
489	HERV-W	HERV17			env				17_8349_for1	CCTCCTTGTTAAGTTTGTCTC			TRUE	FALSE
490	HERV-W	HERV17			env				17_8349_for2	CCTCCTTGTTAACTTTGTCTC			TRUE	FALSE
491	HERV-W	HERV17			env				17_8349_for3	CCTCCTTGTTAAGTTTGTCTT			TRUE	FALSE
492	HERV-W	HERV17			env				17_8349_for4	CCTCCTTATTAAATTGGTCTC			TRUE	FALSE
493	HERV-W	HERV17			env						17_8587_rev1	AACCCAAGTGCTGTTGGGGA	TRUE	FALSE
494	HERV-W	HERV17			env						17_8587_rev2	AACCTAAGTGCTGTTGGGGA	TRUE	FALSE
495	HERV-W	HERV17			env						17_8587_rev3	AACCCAAGTGCTGCTGGGGA	TRUE	FALSE
496	HERV-W	HERV17			env						17_8587_rev4	AACCCAACTGCTGTTGGGGA	TRUE	FALSE
497	HERV-W	HERV17			env						17_8587_rev5	AACCCAAGTGCTTTTGGGGA	TRUE	FALSE
498	HERV-W	HERV17			env						17_8587_rev6	AACCAAAGTGCTGTGGGGGA	TRUE	FALSE
499	HERV-W	HERV17			env						17_8587_rev7	AACTCAAGTGCTGTTGGGGT	TRUE	FALSE
37	HERV-K	HML-10	HERV-K(C4)							CCC ACA GTT TGT CAA ACT TTT GTA GGC		GAA TCT CTT CTA ATT TGA ACC TTT TGA GG	FALSE	FALSE
336	HERV-K	HML-2	HERV-K113		3'LTR/3'Flanking	19p13.13			LTRf	GGATCCTCCACATGCTGAA	K113r	CATGTTTCCTGTCTGCCCAC	TRUE	FALSE
341	HERV-K	HML-2	HERV-K115		3'LTR/3'Flanking	8p23.1			LTRf	GGATCCTCCACATGCTGAA	K115r	TCAGTTCCCGATTTTCTGCC	TRUE	FALSE
202	HERV-K	HML-2	K102		5' Flanking/3' Flanking		chr1:155596457-155605636			CTTAGGAGGGCAAATAGGGG		CTGTGACTCCAGTCTCCATG	TRUE	FALSE
205	HERV-K	HML-2	K120		5' Flanking/3' Flanking		chr2:130719538-130722650			CCTTTCCCAAAACTCTTTCC		ATTACTTTTCCATTTCCCACAC	TRUE	FALSE
207	HERV-K	HML-2	K106		5' Flanking/3' Flanking		chr3:112743124-112752282			CACTTTGAATTCTTCCCTTTAGCC 		GCTTAGATAGGAGGGAAAATG	TRUE	FALSE
212	HERV-K	HML-2	K117		5' Flanking/3' Flanking		chr3:185280336-185289515			CCAGAATAGAATGACAGTGGG		CTAACTAGGCTAAGGTGGAGG 	TRUE	FALSE
215	HERV-K	HML-2	K124		5' Flanking/3' Flanking		chr4:161579938-161582439			GTTTACCATCCATCTGACCC		GTGCTTTACCAGTCTTCTAGG	TRUE	FALSE
216	HERV-K	HML-2	K104		5' Flanking/3' Flanking		chr5:30486760-30496205			CCAGCAGCATATCAGAAAGG		GGCTGAGCATCTCCACTGAC	TRUE	FALSE
219	HERV-K	HML-2	K107		5' Flanking/3' Flanking		chr5:156084717-156093896			AGGTTGAGCACCCCAAATCT		GTAATTCTCCGCACACCACTG	TRUE	FALSE
223	HERV-K	HML-2	K109		5' Flanking/3' Flanking		chr6:78426662-78436083			CCTCTGTTTAATGTCTTAGGGC		GGGATGGTGAACAATGGTGA	TRUE	FALSE
226	HERV-K	HML-2	K126		5' Flanking/3' Flanking		chr7:104388369-104393269			TGGAGAAGGGAGTATGTGGG		CCCACAGCAAGCCTTATCATT	TRUE	FALSE
227	HERV-K	HML-2	K115		5' Flanking/3' Flanking		chr8:7355397-7364859			CCGCACCTAGTCAACTTAGC		TCAGTTCCCGATTTTCTGCC	TRUE	FALSE
230	HERV-K	HML-2	K127		5' Flanking/3' Flanking		chr8:140472149-140475259			AAGGTCAAGTTCATCCACAG		CCAACTAAGAATCCATCCTTTC	TRUE	FALSE
231	HERV-K	HML-2	K128		5' Flanking/3' Flanking		chr10:101580569-101587739			GCCAACACAGCAGCATCCTA		GCCACAGGTATGTAAGAAGG	TRUE	FALSE
233	HERV-K	HML-2	K118		5' Flanking/3' Flanking		chr11:101565794-101575259			GAGATTTCATGGCAGTGGGG		GGGCTGTGGAATCAGGCAGA	TRUE	FALSE
236	HERV-K	HML-2	K119		5' Flanking/3' Flanking		chr12:58721242-58730698			GGTGAGAGGTCAAGGTAGGG		GGGTGACATACAGCACTTTTC	TRUE	FALSE
239	HERV-K	HML-2	K129		5' Flanking/3' Flanking		chr12:111007843-111009348			GCCTTCATTTCTGGCTTCCC		CAGTTAGAGGTGAGCAGCAAT	TRUE	FALSE
240	HERV-K	HML-2	K130		5' Flanking/3' Flanking		chr16:34231397-34234142			GTCAATGTGAAAACAGATCGTGG		CCAGTCAAAACACCATTACCAAG	TRUE	FALSE
242	HERV-K	HML-2	K133		5' Flanking/3' Flanking		chr21:19933659-19941962			GCTTGCTTACATTCTCTCG		GCCCTTGGTTGTGTCAAT	TRUE	FALSE
245	HERV-K	HML-2	K103		5' Flanking/3' Flanking		chr10:27182399-27183366			CCACCAAAGGAGAGGTCAGAGA		ATCCTCGCCAGCATTTGTTACT	TRUE	FALSE
248	HERV-K	HML-2	K134		5' Flanking/3' Flanking		chr12:55727215-55728183			ATTAGGCTTGAGGTATAAGTCAC		CCAGCAAATAGTTGAGACATAA	TRUE	FALSE
210	HERV-K	HML-2	K122		5'Flanking/3'Flanking		chr3:148281441-148285419			GTTGTGTTGCCCTTTTATTACC		GCACCACATCAGTTAATGGGTC	TRUE	FALSE
332	HERV-K	HML-2	HERV-K113		5'Flanking/3'Flanking	12q13.2				TAG GTC TAG CAC ACT TTA TCT GTA AT		AGA TGT CTC CAT GTT AAT TGC TC	TRUE	FALSE
334	HERV-K	HML-2	HERV-K113	AY037928	5'Flanking/3'Flanking	19p13.11			K113f	GCATGGGGAGATTCAGAACC	K113r	CATGTTTCCTGTCTGCCCAC	TRUE	FALSE
338	HERV-K	HML-2	HERV-K115	AY037929	5'Flanking/3'Flanking	8p23.1			K115f	CCGCACCTAGTCAACTTAGC	K115r	TCAGTTCCCGATTTTCTGCC	TRUE	FALSE
371	HERV-K	HML-2			5'Flanking/3'Flanking	1p13.2				GCATTAAGAGGTGGGGTATTTAAGAGGTG		GAGGGATAGCATTAGGAGAAACACCTAATG	TRUE	FALSE
372	HERV-K	HML-2			5'Flanking/3'Flanking	19q12	chr19:29855781-29855786			GATGTGACAACTCTGGCAACCCTACATCC		CACCGTCCTAGGCCCATAGTAGGACC	TRUE	FALSE
373	HERV-K	HML-2		AF493416	5'Flanking/3'Flanking	5p15.31				TCTAGGCTTTTCAAACGGGTC		GCATTACATTTATGAGAGGTCCTT	TRUE	FALSE
374	HERV-K	HML-2	"K113; ERVK26"		5'Flanking/3'Flanking				K113-F	GCATGGGGAGATTCAGAACC	K113-R	CATGTTTCCTGTCTGCCCAC	TRUE	FALSE
377	HERV-K	HML-2			5'Flanking/3'Flanking	3q29	chr3:195654396 195655363			CCCAGCCTATACATCTATTTGTTTGC		GAAGAACAATTCTTTCTCAGCCTTTC	TRUE	FALSE
378	HERV-K	HML-2			5'Flanking/3'Flanking	4q26	chr4:120263689 120264654			GGATAGTATGATCTGGCACCACGTATTG		CTGCTTAAAAGGCTTTGAGCATTTGAAG	TRUE	FALSE
379	HERV-K	HML-2			5'Flanking/3'Flanking	6p25.2	chr6:3055034 3055749			AACCGGATATGCATGGCTCCAAG		CCAGAAATCAAGGTATAGAGTTTGGAGAG	TRUE	FALSE
380	HERV-K	HML-2			5'Flanking/3'Flanking	7q21.2	chr7:16237347 16238314			GGACACAATGGCTTTCCACTGTGTAC		CAGAGGTTCCTATTCTGCTGATGGAG	TRUE	FALSE
381	HERV-K	HML-2			5'Flanking/3'Flanking	8p11.23	chr8:37050886 37051853			GCATTGTTCATTCTATCAGTTTCAACC		GCTGAATTATCGCTTTAAGCAACTTTC	TRUE	FALSE
382	HERV-K	HML-2			5'Flanking/3'Flanking	11q13.4	chr11:71875418 71876385			CATCTGAGACAAACTCCATTCCCATC		GTCCTTGGTGGCTCATGCCTATAATC	TRUE	FALSE
383	HERV-K	HML-2			5'Flanking/3'Flanking	1p21.1	chr1:104677361 104678334			CCTGTGCAATTTTTACAGTAGGTCATC		GAAGCTATCCAAGTCATGGCACC	TRUE	FALSE
384	HERV-K	HML-2			5'Flanking/3'Flanking	3p12.3	chr3:75694479 75695442			GGAAACTGAGGCAGAATAGATCAGAATAG		CAGTCTAGTCTTGAGCTTCTGGTTTCAAG	TRUE	FALSE
385	HERV-K	HML-2			5'Flanking/3'Flanking	12q14.1	chr12:58721242 58730698			CTATCTGCTGTTGCATCAGTGGTTC		GTGGATACTGAGAAGAGAGCTGACTGTG	TRUE	FALSE
386	HERV-K	HML-2			5'Flanking/3'Flanking	18q22.1	chr18:66710089 66711057			CAGGGTTTGAGTGTAGGGAGTTTATTC		CAGACAGATTCCACAACCTCAAACTC	TRUE	FALSE
387	HERV-K	HML-2			5'Flanking/3'Flanking		chr21:19933659 19933915			CATCATTGTGTCAAGTCTTCCACTGTG		GTTCTTCTAGCCATAGGGAACAATGGTAG	TRUE	FALSE
388	HERV-K	HML-2			5'Flanking/3'Flanking	12q13.2			12q13.2F	TAGGTCTAGCACACTTTATCTGTAAT	12q13.2R	AGATGTCTCCATGTTAATTGC TC	TRUE	FALSE
375	HERV-K	HML-2	"K113; ERVK26"		5'Flanking/3'LTR				K113-F	GCATGGGGAGATTCAGAACC	113-LTR-R1	TCGGGATCTCTCGTCGACTTGTCC	TRUE	FALSE
335	HERV-K	HML-2	HERV-K113		5'Flanking/5'LTR	19p13.12			K113f	GCATGGGGAGATTCAGAACC	LTRr	TCTCAAGGCAGAAGAATTTTTCTTAG	TRUE	FALSE
340	HERV-K	HML-2	HERV-K115		5'Flanking/5'LTR	8p23.1			K115f	CCGCACCTAGTCAACTTAGC	LTRr	TCTCAAGGCAGAAGAATTTTTCTTAG	TRUE	FALSE
389	HERV-K	HML-2			5'Flanking/5'LTR	12q13.2			12q13.2F	TAGGTCTAGCACACTTTATCTGTAAT	HML-2R	CTCGAGCGTACCTTCACCCTAG	TRUE	FALSE
203	HERV-K	HML-2	K102		5'Flanking/gag		chr1:155596457-155605636			CTTAGGAGGGCAAATAGGGG		CCTACCTGCTTGTTTTAGTTCC	TRUE	FALSE
208	HERV-K	HML-2	K106		5'Flanking/gag		chr3:112743124-112752282			CACTTTGAATTCTTCCCTTTAGCC 		CCTACCTGCTTGTTTTAGTTCC	TRUE	FALSE
213	HERV-K	HML-2	K117		5'Flanking/gag		chr3:185280336-185289515			CCAGAATAGAATGACAGTGGG		CCTACCTGCTTGTTTTAGTTCC	TRUE	FALSE
217	HERV-K	HML-2	K104		5'Flanking/gag		chr5:30486760-30496205			CCAGCAGCATATCAGAAAGG		CCTACCTGCTTGTTTTAGTTCC	TRUE	FALSE
220	HERV-K	HML-2	K107		5'Flanking/gag		chr5:156084717-156093896			AGGTTGAGCACCCCAAATCT		CCTACCTGCTTGTTTTAGTTCC	TRUE	FALSE
224	HERV-K	HML-2	K109		5'Flanking/gag		chr6:78426662-78436083			CCTCTGTTTAATGTCTTAGGGC		CCTACCTGCTTGTTTTAGTTCC	TRUE	FALSE
228	HERV-K	HML-2	K115		5'Flanking/gag		chr8:7355397-7364859			CCGCACCTAGTCAACTTAGC		CCTACCTGCTTGTTTTAGTTCC	TRUE	FALSE
234	HERV-K	HML-2	K118		5'Flanking/gag		chr11:101565794-101575259			GAGATTTCATGGCAGTGGGG		CCTACCTGCTTGTTTTAGTTCC	TRUE	FALSE
237	HERV-K	HML-2	K119		5'Flanking/gag		chr12:58721242-58730698			GGTGAGAGGTCAAGGTAGGG		CCTACCTGCTTGTTTTAGTTCC	TRUE	FALSE
243	HERV-K	HML-2	K133		5'Flanking/gag		chr21:19933659-19941962			GCTTGCTTACATTCTCTCG		CCTACCTGCTTGTTTTAGTTCC	TRUE	FALSE
246	HERV-K	HML-2	K103		5'Flanking/gag		chr10:27182399-27183366			CCACCAAAGGAGAGGTCAGAGA		CCTACCTGCTTGTTTTAGTTCC	TRUE	FALSE
249	HERV-K	HML-2	K134		5'Flanking/gag		chr12:55727215-55728183			ATTAGGCTTGAGGTATAAGTCAC		CCTACCTGCTTGTTTTAGTTCC	TRUE	FALSE
337	HERV-K	HML-2	HERV-K113		5'Flanking/gag	19p13.13			K113f	GCATGGGGAGATTCAGAACC	HERVr	CTTCACCCTAGAGAAAAGCCTCC	TRUE	FALSE
339	HERV-K	HML-2	HERV-K115		5'Flanking/gag	8p23.1			K115f	CCGCACCTAGTCAACTTAGC	HERVr	CTTCACCCTAGAGAAAAGCCTCC	TRUE	FALSE
333	HERV-K	HML-2	HERV-K113		5'Flanking/provirus	12q13.2				TAG GTC TAG CAC ACT TTA TCT GTA AT		CTC GAG CGT ACC TTC ACC CTA G	TRUE	FALSE
251	HERV-K	HML-2		AC093156.2	5'LTR	1p31.1				AACTACGTGAAGAATGAAGA		AATAAAGCTGAGATAAGAGG	TRUE	FALSE
252	HERV-K	HML-2	K106	AC024108.22	5'LTR	3q13.2				GCTCGGATTTCAACATCCAT		TCGTCCGACTTGTCCTCAATG	TRUE	FALSE
254	HERV-K	HML-2	K109	AC164615.1	5'LTR	6q14.1				TCGTCGACTTGTCCTCAATG		CTGCCAGTCTCAGGTGTTTG	TRUE	FALSE
256	HERV-K	HML-2	K108	AC164614.1	5'LTR	7p22.1a				TACTGAACGATGCTGACGTTTGG		TACTGAACGATGCTGACGTTTGG	TRUE	FALSE
259	HERV-K	HML-2	K115	AY037929.1	5'LTR	8p23.1a				CTTGTGTTTTCATTACAATCTATT		TTCAGTCATTCTATCATTAAGATTC	TRUE	FALSE
261	HERV-K	HML-2	K103	AF164611.1	5'LTR	10p12.1				CCACCATCTGAGAAGTGTGATG		AATGGAGTCTCCYATGTCTACT	TRUE	FALSE
263	HERV-K	HML-2		AP000776.5	5'LTR	11q22.1				CCATGCTCAGAAAGGAAACA		TAGCTTCTTCCGAGCACACA	TRUE	FALSE
265	HERV-K	HML-2		JN675067	5'LTR	12q13.2				CGGAGAATTCCACCTTCAAA		CTCGAGCGTACCTTCACCCTAG	TRUE	FALSE
267	HERV-K	HML-2		AC074261.3	5'LTR	12q14.1				GGAAACCCTTCCAACATTCCA		CCCCATTATCACCCTAGCTTC	TRUE	FALSE
269	HERV-K	HML-2	K113	AY037928.1	5'LTR	19p12b				TGCATGGGGAGATTCAGAACC		TCGGGATCTCTCGTCGACTTGTCC	TRUE	FALSE
274	HERV-K	HML-2			5'LTR	1q22	chr1:155,604,094-155,605,800	chr1:155,634,303-155,636,009		ATTATAGAGCTCCGTTGACTGAGCCATTACCG		ATTATAGGTACCTAAAATCCAGCAGCCCAGGA	TRUE	FALSE
275	HERV-K	HML-2			5'LTR	3q12.3	chr3:101,410,385-101,412,176	chr3:101,691,541-101,693,332		ATTATAGGTACCAAGGAGGCTGAGCAGATGAG		ATTATTAAGCTTTTCCAGGGGCATCAGAAACT	TRUE	FALSE
276	HERV-K	HML-2			5'LTR	3q21.2	chr3:125,609,085-125,610,870	chr3:125,890,242-125,892,027		ATTATAGGTACCTCACCACCAACCCAGCTAAT		ATTATAGAGCTCTCTGGCGGTTGGGTCTTATT	TRUE	FALSE
277	HERV-K	HML-2			5'LTR	5p13.3	chr5:30,494,698-30,496,674	chr5:30,494,591-30,496,567		ATTATAGAGCTCCGGCTCTGCTACATATTCGC		ATTATAGGTACCGGACACATACACCCTCCCAA	TRUE	FALSE
278	HERV-K	HML-2			5'LTR	7p22.1b	chr7:4,638,489-4,640,273	chr7:4,598,858-4,600,642		ATTATAGAGCTCCGTTGACTGAGCCATTACCG		ATTATAGGTACCAATACCCACAGCACCCAAGA	TRUE	FALSE
279	HERV-K	HML-2			5'LTR	8p23.1c	chr8:12,082,194-12,083,779	chr8:12,224,685-12,226,270		ATTATAGAGCTCAACCATGGGCGGAATTGTTC		ATTATAGGTACCAAGAAGTCCACCTGCCTCAA	TRUE	FALSE
280	HERV-K	HML-2			5'LTR	11p15.4	chr11:3,476,909-3,478,491	chr11:3,455,679-3,457,261		ATTATAGAGCTCAACCATGGGCGGAATTGTTC		ATTATAGGTACCAAGAAGTCCACCTGCCTCAA	TRUE	FALSE
281	HERV-K	HML-2			5'LTR	21q21.1	chr21:19,940,483-19,942,138	chr21:18,568,165-18,569,820		ATTATAGAGCTCGGTTTAGACTCTGGTGGCCT		ATTATAGGTACCTCATGCAGCCTGTAAGTGGA	TRUE	FALSE
282	HERV-K	HML-2			5'LTR	22q11.21	chr22:18,926,085-18,927,711	chr22:18,938,572-18,940,198		ATTATAGGTACCTGCCTCAACCTCCCAAGTAG		ATTATAGAGCTCCGGCTCTGCTACATATTCGC	TRUE	FALSE
525	HERV-K	HML-2	LTR5HS		5'LTR					TagcggccgcACRTACCTTCACCCTAAAAAAAAACCTCC 		TATccatggTTTTGAAAYGTGTGTTGTGTTAATTTAGAGTTG 	TRUE	FALSE
376	HERV-K	HML-2	"K113; ERVK26"		5'LTR/3'Flanking				113-LTR-F1	GGACCTGCGGGCAGCAATACTG	K113-R	CATGTTTCCTGTCTGCCCAC	TRUE	FALSE
1	HERV-K	HML-2	"HML-2.HOM;HERV-K108; HERV-K6; HERV-K(C7)"	AF074086	env				env8146F	AAT GAG TCT GAG CAT CAC TGG G	env8665R	CCA TTC AAC TCT GAG TGG ACA CAG	FALSE	FALSE
2	HERV-K	HML-2	"HML-2.HOM;HERV-K108; HERV-K6; HERV-K(C7)"	AF074086	env					GCC ATC CAC CAA GAA AGC A		AAC TGC GTC AGC TCT TTA GTT GT	FALSE	FALSE
3	HERV-K	HML-2	"HML-2.HOM;HERV-K108; HERV-K6; HERV-K(C7)"	AF074086	env					AGA AAA GGG CCT CCA CGG AGA TG		ACT GCA ATT AAA GTA AAA ATG AA	FALSE	FALSE
4	HERV-K	HML-2	"HML-2.HOM;HERV-K108; HERV-K6; HERV-K(C7)"	AF074086	env					CAT GGC AAT TCC CAG TAA CGT		CTC CCT CTT GGG CTC CTT CT	FALSE	FALSE
14	HERV-K	HML-2			env					CCA ACG TGG AGG CTT TTC TCT AG		AGG GAG ACT TAC CAC CAT TGA TAC	FALSE	FALSE
15	HERV-K	HML-2			env				env7036F	CGA CTT AAC AGA AAG TTT AGA CAA AC	env7602R	GCT GTG ACT GCA ATT AAT CCC	FALSE	FALSE
16	HERV-K	HML-2			env					CTG AGG CAA TTG CAG GAG TT		GCT GTC TCT TCG GAG CTG TT	FALSE	FALSE
17	HERV-K	HML-2			env					TGG CCT CAC ACC ACA TTA GA		GCA ATG CAA CTC CTG CTA CA	FALSE	FALSE
18	HERV-K	HML-2			env					GTA CCA CTC CTC AGA TGC AA		GTG ACA TCC CGC TTA CCA TG	FALSE	FALSE
19	HERV-K	HML-2			env					GGG TAC CTG GCC CCA TAG AT		CAT CAT CCC TTC TTC CTC AGG TT	FALSE	FALSE
20	HERV-K	HML-2			env	8p23.1				CAC TTG GGT TAA GAC CAT TGG A		GGA GCT GTT GAG TAC ACC TG	FALSE	FALSE
184	HERV-K	HML-2	HML-2.HOM		env					ACTGGGACATGGTTAGACGCCA		TGCCTCAGTTCCTGGCACCAAA	FALSE	TRUE
185	HERV-K	HML-2	HML-2.HOM		env					CAGGAGTTGCTGATGGCCTCGC		CGGAGCTGTTGGGTACACCTGC	FALSE	TRUE
271	HERV-K	HML-2			env					TTC CTT TAC AAA GTT GCG TAA AGC		CAC AGA CAC AGT AAC AAT CTG	TRUE	FALSE
272	HERV-K	HML-2			env					GTT GCG TAA AGC CCC CTT AT		CAC AGA CAC AGT AAC AAT CTG	TRUE	FALSE
479	HERV-K	HML-2	"HML-2.HOM;HERV-K108; HERV-K6; HERV-K(C7)"	AF074086	env						env600ntR1	ATT TAC CCGTGG CCT GAG TG	TRUE	FALSE
480	HERV-K	HML-2	"HML-2.HOM;HERV-K108; HERV-K6; HERV-K(C7)"	AF074086	env						env600ntR2	ATT TACCCG TGG CCT AAG TG	TRUE	FALSE
481	HERV-K	HML-2	"HML-2.HOM;HERV-K108; HERV-K6; HERV-K(C7)"	AF074086	env						env600ntR3	ATT TACCTG TGG CCT GAG CG	TRUE	FALSE
482	HERV-K	HML-2	"HML-2.HOM;HERV-K108; HERV-K6; HERV-K(C7)"	AF074086	env						env600ntR4	ATTTAC CTG TGG CCT GAG AG	TRUE	FALSE
483	HERV-K	HML-2	"HML-2.HOM;HERV-K108; HERV-K6; HERV-K(C7)"	AF074086	env						env600ntR5	ATT TTA TCT GTG GCC CGA GTG	TRUE	FALSE
484	HERV-K	HML-2	"HML-2.HOM;HERV-K108; HERV-K6; HERV-K(C7)"	AF074086	env						env600ntR6	ATT CAT TTG TGA CCT GAG C	TRUE	FALSE
204	HERV-K	HML-2	K102		env/3'Flanking		chr1:155596457-155605636			CAGCGACCATCGAGAACGG		CTGTGACTCCAGTCTCCATG	TRUE	FALSE
206	HERV-K	HML-2	K120		env/3'Flanking		chr2:130719538-130722650			CAGCGACCATCGAGAACGG		ATTACTTTTCCATTTCCCACAC	TRUE	FALSE
209	HERV-K	HML-2	K106		env/3'Flanking		chr3:112743124-112752282			CAGCGACCATCGAGAACGG		GCTTAGATAGGAGGGAAAATG	TRUE	FALSE
214	HERV-K	HML-2	K117		env/3'Flanking		chr3:185280336-185289515			CAGCGACCATCGAGAACGG		CTAACTAGGCTAAGGTGGAGG 	TRUE	FALSE
218	HERV-K	HML-2	K104		env/3'Flanking		chr5:30486760-30496205			CAGCGACCATCGAGAACGG		GGCTGAGCATCTCCACTGAC	TRUE	FALSE
221	HERV-K	HML-2	K107		env/3'Flanking		chr5:156084717-156093896			CAGCGACCATCGAGAACGG		GTAATTCTCCGCACACCACTG	TRUE	FALSE
225	HERV-K	HML-2	K109		env/3'Flanking		chr6:78426662-78436083			CAGCGACCATCGAGAACGG		GGGATGGTGAACAATGGTGA	TRUE	FALSE
229	HERV-K	HML-2	K115		env/3'Flanking		chr8:7355397-7364859			GTCTGTTGTTAGTCTGCAGG		TCAGTTCCCGATTTTCTGCC	TRUE	FALSE
232	HERV-K	HML-2	K128		env/3'Flanking		chr10:101580569-101587739			CAGCGACCATCGAGAACGG		GCCACAGGTATGTAAGAAGG	TRUE	FALSE
235	HERV-K	HML-2	K118		env/3'Flanking		chr11:101565794-101575259			CAGCGACCATCGAGAACGG		GGGCTGTGGAATCAGGCAGA	TRUE	FALSE
238	HERV-K	HML-2	K119		env/3'Flanking		chr12:58721242-58730698			CAGCGACCATCGAGAACGG		GGGTGACATACAGCACTTTTC	TRUE	FALSE
244	HERV-K	HML-2	K133		env/3'Flanking		chr21:19933659-19941962			CAGCGACCATCAAGAACAG		GCCCTTGGTTGTGTCAAT	TRUE	FALSE
247	HERV-K	HML-2	K103		env/3'Flanking		chr10:27182399-27183366			CAGCGACCATCGAGAACGG		ATCCTCGCCAGCATTTGTTACT	TRUE	FALSE
250	HERV-K	HML-2	K134		env/3'Flanking		chr12:55727215-55728183			CAGCGACCATCGAGAACGG		CCAGCAAATAGTTGAGACATAA	TRUE	FALSE
23	HERV-K	HML-2			Frag 1				K20	GAG GCT GGC GGG ATC CT	K6	CTA TCT CAG TAG ATG GAG CAT ACA AT	FALSE	FALSE
24	HERV-K	HML-2			Frag 2				K21	ATG AAC CCA TCA GAG ATG CAA AG	K7	TCT GTT TAA CAA AGC ACA TCC TGC	FALSE	FALSE
0	HERV-K	HML-2	"HML-2.HOM;HERV-K108; HERV-K6; HERV-K(C7)"	AF074086	gag				gag+	GGC CAT CAG AGT CTA AAC CAC G	gag-	GCA GCC CTA TTT CTT CGG ACC	FALSE	FALSE
7	HERV-K	HML-2			gag				gag+	GGC CAT CAG AGT CTA AAC CAC G		CTG ACT TTC TGG GGG TGG CCG	FALSE	FALSE
8	HERV-K	HML-2			gag					AGC AGG TCA GGT GCC TGT AAC ATT		TGG TGC CGT AGG ATT AAG TCT CCT	FALSE	FALSE
9	HERV-K	HML-2			gag					TCG GGA AAC GAG CAA AGG		GAA TTG GGA ATG CCC CAG TT	FALSE	FALSE
32	HERV-K	HML-2	"HERV-K10;HERV-K107"	M14123	gag					GTA ATG GCT CAG TCA ACG CA		GCC CCA TTA ATT CTG GAC CT	FALSE	FALSE
182	HERV-K	HML-2	HML-2.HOM		gag					ATCGGCCACCCCCAGAAAGTCA		TAGTGGGCGGCTGAGGGTATGG	FALSE	TRUE
183	HERV-K	HML-2	HML-2.HOM		gag					TCTTCCAGCAGGTCAGGTGCCT		TGACTTTCTGGGGGTGGCCGAT	FALSE	TRUE
466	HERV-K	HML-2	"HML-2.HOM;HERV-K108; HERV-K6; HERV-K(C7)"	AF074086	gag				HML-2_1778_for1	CCCCCAGAAAGTCAGTATGGA			TRUE	FALSE
467	HERV-K	HML-2	"HML-2.HOM;HERV-K108; HERV-K6; HERV-K(C7)"	AF074086	gag				HML-2_1778_for2	TCTCCAGAGGTTCAGTATGGA			TRUE	FALSE
468	HERV-K	HML-2	"HML-2.HOM;HERV-K108; HERV-K6; HERV-K(C7)"	AF074086	gag				HML-2_1778_for3	CCCCCAGAAAATCAGTATGGA			TRUE	FALSE
469	HERV-K	HML-2	"HML-2.HOM;HERV-K108; HERV-K6; HERV-K(C7)"	AF074086	gag				HML-2_1778_for4	TCTCCAGAGGTGCAGTATAGA			TRUE	FALSE
470	HERV-K	HML-2	"HML-2.HOM;HERV-K108; HERV-K6; HERV-K(C7)"	AF074086	gag						HML-2_2396_rev1	TTTCCCAGGCTCTAAGGCAG	TRUE	FALSE
471	HERV-K	HML-2	"HML-2.HOM;HERV-K108; HERV-K6; HERV-K(C7)"	AF074086	gag						HML-2_2396_rev2	TTCCCAGGCCCTGAGGCAA	TRUE	FALSE
472	HERV-K	HML-2	"HML-2.HOM;HERV-K108; HERV-K6; HERV-K(C7)"	AF074086	gag						HML-2_2396_rev3	TTTCCTAGGCTCTAAGGCAG	TRUE	FALSE
180	HERV-K	HML-2	HML-2.HOM		LTR					GGTTCCCCGGGTCCCCTTCTTT		GGCACCAGATGTAGGGGTGGGT	FALSE	TRUE
181	HERV-K	HML-2	HML-2.HOM		LTR					GAGGCTGGCGGGATCCTCCATA		TTGCCCCTACACACCTGTGGGT	FALSE	TRUE
509	HERV-K	HML-2	LTR5H		LTR					GGGCAGCAATACTGCTTTGT		CAATAGTGGGGAGAGGGTCA	TRUE	FALSE
519	HERV-K	HML-2	LTR5HS		LTR					GGGCAGCAATACTGCTTTGT		CAATAGTGGGGAGAGGGTCA	TRUE	FALSE
521	HERV-K	HML-2	LTR5A		LTR					GTGCACGTCCAGGCATAGTA		GCCTCTGAGTTCCCTCAGTTT	TRUE	FALSE
522	HERV-K	HML-2	LTR5B		LTR					CAGGGTGATAGTGGGGAGAA		TACGTGCACATCCAGGCATA	TRUE	FALSE
523	HERV-K	HML-2	LTR5HS		LTR					TAAATTACCCCTACACACCTATAAATATTTCTC		GGTGTAAGATGTGTTTTGTTAAATAAATGTTTG	TRUE	FALSE
22	HERV-K	HML-2			np9					CCA ACG TGG AGG CTT TTC TCT AG		GTA CAC CTG CAG TCT CCG TCT CC	FALSE	FALSE
10	HERV-K	HML-2			pol					TCA CAT GGA AAC AGG CAA AA		AGG TAC ATG CGT GAC ATC CA	FALSE	FALSE
11	HERV-K	HML-2			pol				5'-108 propol 3925	CCA CTG TAG AGC CTC CTA AAC CC	3'-108 pol 4315	GCT GGT ATA GTA AAG GCA AAT TTT TC	FALSE	FALSE
12	HERV-K	HML-2			pol					TGT GGA AAT GAC CCA GAC AA		TTG ACA CTG GGT GCA ATG TT	FALSE	FALSE
13	HERV-K	HML-2			pol				LPQ	TTC GGA TCC TGG AAA GTG TTA CCC AG	YIDD	CTA GAA GCT TCT GCA GCA CAT AAA ATA TCA TCA ATA TA	FALSE	FALSE
27	HERV-K	HML-2	HERV-K102	AF164610	pol	1q22				TGG CAG AGC AGG ATT GTG AA		CAG ATG CTA TTG CCA GTC CA	FALSE	FALSE
30	HERV-K	HML-2	"HERV-K10;HERV-K107"	M14123	pol				ABDPOL	TCC CCT TGG AAT ACT CCT GTT TTY GT	ABDPOR	CAT TCC TTG TGG TAA AAC TTT CCA YTG	FALSE	FALSE
28	HERV-K	HML-2	HERV-K102	AF164610	pol (IN)/env	1q22			P1	CAA CAG GAA TTC CTT ATA ATT CCC	P3	CAA TCT TGT AGA ATT CTT TTG CC	FALSE	FALSE
31	HERV-K	HML-2	"HERV-K10;HERV-K107"	M14123	pol (IN)/env				P1	CAA CAG GAA TTC TAA TAA TTC CC	P3	CAA TCT TGT AGA ATT CTT TTG CC	FALSE	FALSE
21	HERV-K	HML-2			rec					CCA ACG TGG AGG CTT TTC TCT AG		GGG TAT ACC TGC AGA CAC CAT TG	FALSE	FALSE
473	HERV-K	HML-2	"HML-2.HOM;HERV-K108; HERV-K6; HERV-K(C7)"	AF074086	Rec/NP9				np9-FOR-1	ATGAACCCATCAGAGATGCAA			TRUE	FALSE
474	HERV-K	HML-2	"HML-2.HOM;HERV-K108; HERV-K6; HERV-K(C7)"	AF074086	Rec/NP9				np9-FOR-2	ATGAATCCATCAGAGATGCAA			TRUE	FALSE
475	HERV-K	HML-2	"HML-2.HOM;HERV-K108; HERV-K6; HERV-K(C7)"	AF074086	Rec/NP9				np9-FOR-3	GCGAACCCTTCAGAGATGCAA			TRUE	FALSE
476	HERV-K	HML-2	"HML-2.HOM;HERV-K108; HERV-K6; HERV-K(C7)"	AF074086	Rec/NP9				np9-FOR-4	ATGAACCCATCGGAGATGAAA			TRUE	FALSE
477	HERV-K	HML-2	"HML-2.HOM;HERV-K108; HERV-K6; HERV-K(C7)"	AF074086	Rec/NP9						np9-REV-1	AGCATCTGTTTAACAAAGCA	TRUE	FALSE
478	HERV-K	HML-2	"HML-2.HOM;HERV-K108; HERV-K6; HERV-K(C7)"	AF074086	Rec/NP9						np9-REV-2	AGCATGTTTAACAAAGCA	TRUE	FALSE
253	HERV-K	HML-2	K106	AC024108.22	soloLTR|empty site	3q13.2				GCTCGGATTTCAACATCCAT		TATTGGTGACAGAGAGATGCAG	TRUE	FALSE
255	HERV-K	HML-2	K109	AC164615.1	soloLTR|empty site	6q14.1				CCCCTGCTTATTGATGCTCTACG		TGAGGCTGAATGTGTGGAGTCC	TRUE	FALSE
258	HERV-K	HML-2	K108	AC164614.1	soloLTR|empty site	7p22.1				CCTCCTGGTTCAAGGGATTCTC		GCTTTCGGGACTTCAACATTGG	TRUE	FALSE
260	HERV-K	HML-2	K115	AY037929.1	soloLTR|empty site	8p23.1a				CAGTCTATAGATGTGGATGCCT		AGCACTGAATCCAAACTCATAT	TRUE	FALSE
262	HERV-K	HML-2	K103	AF164611.1	soloLTR|empty site	10p12.1				CCACCATCTGAGAAGTGTGATG		GGCAACAAAGGGTTCATATGAGAA	TRUE	FALSE
264	HERV-K	HML-2		AP000776.5	soloLTR|empty site	11q22.1				CCATGCTCAGAAAGGAAACA		ACCATCTGTCCTTCCACCAG	TRUE	FALSE
266	HERV-K	HML-2		JN675067	soloLTR|empty site	12q13.2				CGGAGAATTCCACCTTCAAA		TGCATTGTGGTCATCCATTT	TRUE	FALSE
268	HERV-K	HML-2		AC074261.3	soloLTR|empty site	12q14.1				GGAAACCCTTCCAACATTCCA		TGAGGCTGAATGTGTGGAGTCC	TRUE	FALSE
270	HERV-K	HML-2	K113	AY037928.1	soloLTR|empty site	19p12b				TGCATGGGGAGATTCAGAACC		CGTGTTAGCCAGGATGGTCT	TRUE	FALSE
5	HERV-K	HML-2	"HML-2.HOM;HERV-K108; HERV-K6; HERV-K(C7)"	AF074086	Type 2 - env					GTA TGC TGC TTG CAG CCT TGA TGA T		ACT GCA ATT AAA GTA AAA ATG AA	FALSE	FALSE
6	HERV-K	HML-2	"HML-2.HOM;HERV-K108; HERV-K6; HERV-K(C7)"	AF074086					TaqFWD	ATT GGC AAC ACC GTA TTC TGC T	TaqRev	CAG TCA AAA TAT GGA CGG ATG GT	FALSE	FALSE
26	HERV-K	HML-2	"HERV-K101; HERV-K24; HERV-K(C22)"			22q11.21			22q11.21for	GCT GGA CTG CAC CTA GCT AAT TTT T	22q11.21rev	TCT CTA CCC TCG AAG GTC TGT TTC T	TRUE	FALSE
29	HERV-K	HML-2	HERV-K102	AF164610		1q22			TaqFWD	ATT GGC AAC ACC GTA TTC TGC T	TaqRev	CAG TCA AAA TAT GGA CGG ATG GT	FALSE	FALSE
35	HERV-K	HML-2	HERV-K113						K113F	AAA AGC CAT CGA TTG TAC AGT AAT AAA	K113R	ACA CAT GCA GAC GTT TAG TTT TGA T	TRUE	FALSE
36	HERV-K	HML-2	HERV-K115						K115F	CAG GGT GCA TAC AGC TTA TAA AGA TT	K115R	ATT TAA AAT TGT CTT CTC CAT CCA CTT T	TRUE	FALSE
257	HERV-K	HML-2	K108	AC164614.1		7p22.1b				GTCTGCAGGTGTACCCAACAG		TTTGCCCCATTATCACCCTA	TRUE	FALSE
273	HERV-K	HML-2								GAC TCC CAG ACT ATA ACC TGTC		CGA AGC ATC AAA AGC CCA	TRUE	FALSE
342	HERV-K	HML-2				1p31.1c				AGGCATTCTGATAGGTATAGGGA		ACCCAATTCACTAGCCAATTAGA	TRUE	FALSE
343	HERV-K	HML-2				1p21.1				AATAGCCATCAGATCACACTTT		GTAAACAAAGGCTCCAGCAA	TRUE	FALSE
344	HERV-K	HML-2	ERVK1			1p13.2	chr1:111802591-111802598			CTAGCTGAATTGCTGCGTGA		GAAAGCACATAGTGCCGTGA	TRUE	FALSE
345	HERV-K	HML-2	ERVK2			1q41	chr1:223578303-223578310			CATGCTACTTGAAGCCAGGA		CACGCCCAGCTACAGTTCTA	TRUE	FALSE
346	HERV-K	HML-2				3q11.2				CCATGTGGCACTGTGAAGAA		CAGCAGCCAATCAAATCACA	TRUE	FALSE
347	HERV-K	HML-2				4p16a				TGTTGTTACAAGAACAAGTGTGAAAA		GCAGTACGGGCTTACGTTTC	TRUE	FALSE
348	HERV-K	HML-2				4p16b				AGGGTGAAGTCTGTGGTGG		TTTGGCTTGCTGTTTTGGGA	TRUE	FALSE
349	HERV-K	HML-2				5p15.32				TCCACCCAAATGTTGCCTTT		CAGTCACCCTCTCTGATGGG	TRUE	FALSE
350	HERV-K	HML-2	ERVK9			5q12.3	chr5:64388439-64388446			TTCATGGAGCAGTCCATTTAT		GAGCCTCTCTCCATGCAAC	TRUE	FALSE
351	HERV-K	HML-2	ERVK10			5q14.1	chr5:80442265-80442272			GCTGTTTGAGAGCCTAGAGCA		GAGCCTTTCCAACAGAGCAG	TRUE	FALSE
352	HERV-K	HML-2				6p22.3				TGGCACTGTAATTAGGCACA		ACTTTCATTCATGCACACAGGT	TRUE	FALSE
353	HERV-K	HML-2				6p21.32	chr6:32648035-32648041			GGGCTCACAAGAACATCTCC		TGGGTGGAATTGTTGGTCTT	TRUE	FALSE
354	HERV-K	HML-2	ERVK12			6q26	chr6:161270898-16127900			GACAGCGGTAAACCCAGAAG		GCCTTTCCTTGGTCTCACTG	TRUE	FALSE
355	HERV-K	HML-2				7q36.3				CTTGTACCCCACCT(A/G)GATGT		CACTGCCCTACGTGAATGTG	TRUE	FALSE
356	HERV-K	HML-2				8q24.3				ATAAGGCAGCTGAGGCTGAT		TGCAGAAGTTGCCTATCCAG	TRUE	FALSE
357	HERV-K	HML-2				10q26.3				GGGAAGGCATCAGTGAAGTG		ACGGGCAGAGGTGGAAAC	TRUE	FALSE
358	HERV-K	HML-2	ERVK18			11q12.2				CCCAACTTTCCCCCTTAAAA		TGGGAAAAAGTTTGTGAATAACTA	TRUE	FALSE
359	HERV-K	HML-2	ERVK20			12q12	chr12:44313656-44313662			GGCTGTTGAAACTGCAGTGAA		AGGAGAGAGAGGTCAGAGAGCA	TRUE	FALSE
360	HERV-K	HML-2	ERVK21			12q24.31	chr12:124066476-124066483			GCCAAAGCGGGTAGATCA		TGACAGTGTACAGTTGACCTTGA	TRUE	FALSE
361	HERV-K	HML-2				12q24.32				TTATAACACCAGCCCTCTTGC		ATGGGATTTCTAAAATTCTAATGTCT	TRUE	FALSE
362	HERV-K	HML-2	ERVK22			13q31.3	chr13:90743182-90743189			TGAAGGTATTAATCATAGAAACAGCAA		CAGAAATACTGACCCCCAAAA	TRUE	FALSE
363	HERV-K	HML-2	ERVK24			15q22.2	chr15:63374593 63374600			GCCTGCGCCTTATAGTTGTG		GGCCTCAGACATGTTTTACCTT	TRUE	FALSE
364	HERV-K	HML-2	ERVK28			19p12d	chr19:29855781 29855787			CGACACAAAGGAAGACACAGAG		AAAATTAGCTGGCCATGGTG	TRUE	FALSE
365	HERV-K	HML-2				19p12e				TCTCTGGGATGCAGCTACAG		AGGCCGAGGGTGCAGTGA	TRUE	FALSE
366	HERV-K	HML-2	"K113; ERVK26"			19q12	chr19:21841536 21841542			CAAGTTCAAACAGCCACAGG		TCAGCTTATCTTGGGGAGAAA	TRUE	FALSE
367	HERV-K	HML-2				19q13.43				CATCTCCATGGAAGTCCAGA		CTGGTTGTTTCACAGATGTGGT	TRUE	FALSE
368	HERV-K	HML-2	ERVK30			20p12.1	chr20:12402386 12402392			AGTATGCTACCCAATCCTCCA		GGGAAACTTGCGCCTCTTTG	TRUE	FALSE
369	HERV-K	HML-2				22q11.32				AAGACCTGCCTCAGCCACT		CCATCTATGTGCCAGCTCCT	TRUE	FALSE
370	HERV-K	HML-2				Xq21.33				TCAGTCTGAAGACAATGACATACTT		TCTTACACTGTTTTGTCCCTTTGA	TRUE	FALSE
33	HERV-K	HML-6							PBSLYS1	ATT TGG CGC CCA ACG TGG GGC	ABDNC	TG(C/T) TIT AAT TGT GGT CA	FALSE	FALSE
34	HERV-K	HML-6							PBSLYS2	ATT TGG CGC CCG AAC AGG GAC	ABDNC	TG(C/T) TIT AAT TGT GGT CA	FALSE	FALSE
38	HERV-K	HML-6	HERV-K3-1							CTG CCA TTG TCC TCT TCT TAT		TCC TCC CTC TCC TGT TTA TC	FALSE	FALSE
186	LINE	L1			ORF1					AGA AAt GAG CAA AGC CTC CA		GCC TGG TGG TGA CAA AAT CT	FALSE	FALSE
188	LINE	L1			ORF2					CCA CCG ATC CCA CAG AAA TA		TGG TCC TGG ACT CTT TTT GG	FALSE	FALSE
187	LINE	L1			ORF2 (EN)				JB1073	CCT CAT GAC AGG ATC AAA TTC ACA C	JB1083	GCC CAT GGC AAT CCT GAG TTC TAG TTT G	FALSE	FALSE
196	LINE	L1		AF242438-AF242441						CTC CTG ACC TTG GAT CTC AG		GTC CCT AAT CTC TGC ACT AC	TRUE	FALSE
197	LINE	L1		AF242442-AF242444						AGG AAG TCT TGT AAA TGT ATC C		GCC TTC AGA TGA GTT TTG AGA TCA GAG C	TRUE	FALSE
198	LINE	L1		AF242445-AF242448						TCT ACA GAT GTT TGA GTG CC		TGA CGT AGG CTT GGA TGA TG	TRUE	FALSE
199	LINE	L1		AF242449-AF242451						CGA ATT CAG GAG GCA GAG		TAA CGC CAC TCT TTA AGC AG	TRUE	FALSE
200	LINE	L1		AF242452						AGG CCA TGA AAA CAC TGA GCT TGG C		AGC CAG CGA ATA GCA GGT GAA AAA CAC	TRUE	FALSE
201	LINE	L1		AF242453-AF242455						CGT TCT GGT ATG CAG TCC AC		CCC TGA GTG TGC TTT GTA CT	TRUE	FALSE
502	ERV9	LTR12C			soloLTR					AGCTAGACATAAAGGTCCTCCACG		TGGGGCCTTGGAGAACTTTTATG	FALSE	FALSE
140	MaLRs and LTRs	LTR38			pol (IN)					CTA GCT GAC CCT GTA GTA AGA		CTT TGT ATC AGT GAA GCT TTG G	FALSE	FALSE
146	MaLRs and LTRs	LTR5H			LTR		chr1:145501710:145502679			TAG GTA CCA TCA CTC AGT CTC GGC TCA C		AAC GCG TAC ACT CCT GTT TCT CCT TTC TC	TRUE	FALSE
147	MaLRs and LTRs	LTR5H			LTR		chr1:160621928:160622885			TAG GTA CCT CTA TCC ATT CAC CAT ACC AC		AAC GCG TGA CCC ATT GAA GAG TTT AAG AGG	TRUE	FALSE
148	MaLRs and LTRs	LTR5H			LTR		chr2:128300149:128301124			TAG GTA CCG CTC CTT TCT GTC CTG TCT G		AAC GCG TCG CCA CTT TCA GCT CTT CCT	TRUE	FALSE
149	MaLRs and LTRs	LTR5H			LTR		chr2:171119813:171120760			TAG GTA CCG AAA TCC AAC ACC CTG AGA CCA		AAC GCG TCA AAC AAC CCT AAC ACT TAG CA	TRUE	FALSE
150	MaLRs and LTRs	LTR5H			LTR		chr6:52626627:52627596			TAG GTA CCT ATT CAC TAA TCA GCC CAC C		AAC GCG TCC CAC TCT AGG ATA TTT CTA AGC A	TRUE	FALSE
151	MaLRs and LTRs	LTR5H			LTR		chr7:150724100:150725056			TAG GTA CCC TCC ATA CCA ATA GTT CTC		AAC GCG TAT CTC TAG ATG TCC CGT CGT	TRUE	FALSE
152	MaLRs and LTRs	LTR5H			LTR		chr12:123235406:123236378			TAG GTA CCG AAT CTC CCT ATG CTG TCC A		AAC GCG TAA CTC CCA TGT GTT TAC CCA	TRUE	FALSE
153	MaLRs and LTRs	LTR5H			LTR		chr17:57367467:57368278			TAG GTA CCA GTG AGC CAA GAT TGA GCC		AAC GCG GCC AAG ACC TCT GAG TTC CC	TRUE	FALSE
154	MaLRs and LTRs	LTR5H			LTR		chr17:7959654:7959869			TAG GTA CCT ACA ACA ATA AGA GAA TCA GGC GG		AAC GCG TGG CTA ATA GAA CAG AAC AGG AC	TRUE	FALSE
155	MaLRs and LTRs	LTR5H			LTR		chr18:77720165:77721063			TAG GTA CCG GAG ACC ACT TTG AAG ACC C		AAC GCG TCT CAC TGT AGC CTT GAA CTG	TRUE	FALSE
156	MaLRs and LTRs	LTR5H			LTR		chr19:35411081:35412022			TAG GTA CCA GGA AGT AAA CAG GAT TGG G		AAC GCG TAG GAA AGG AAA CAG GAG GAG	TRUE	FALSE
157	MaLRs and LTRs	LTR5H			LTR		chr19:55455103:55456032			TAG GTA CCG TGG ACA GCT TTA CCC TTG GA		AAC GCG TGG CAA CTA TAT GAA GCA GTG GA	TRUE	FALSE
139	MaLRs and LTRs	LTR69			LTR					GAA TTA CTG GGT CTC CAT GAC		AGG GAG TTT AAG CTA TTC TTG T	FALSE	FALSE
144	MaLRs and LTRs	LTR71B	ERV322034		CSF1-HERV fusion				L4018CSF1_F1	CAA CTT CCT CTC AGC ATC TTC T	L4018_1q_RV1	GGC CTA GTA TAT CCC GTT TCT TC	FALSE	FALSE
145	MaLRs and LTRs	LTR71B	ERV322034		CSF1-HERV fusion				L4018CSF1_F2	CAG AAG ACA GAC CAT CCA TCT G	L4018_1q_RV2	AAG CTA TTT GGC AGG CTA GTA A	FALSE	FALSE
141	MaLRs and LTRs	MER88			LTR					GTC CTC ACT CTC TCT CAG TT		CTG GGA GAG GAA TAG GAG ATT A	FALSE	FALSE
142	MaLRs and LTRs	MER92C			LTR					GAA GTT TGT CCC TCT GAA ACT A		TAA GAG AGA GCA TCC CAG AG	FALSE	FALSE
143	MaLRs and LTRs	MLT1G1			pol (IN)					GAC CTT AGG GTC AAG ATC AAA C		GCT ACA AAC CAA AGG GAT ACA	FALSE	FALSE
138	MaLRs and LTRs	MLT1O			pol (IN)					CAA ACC CAA GCC TCA TGA AA		TCA GGG CTA TCT GAA AGT GG	FALSE	FALSE
85	HERV-H	RTVL-H	envH1	AJ289711	env	2q24.3				TTC ACT CCA TCC TTG GCT AT		CGT CGA GTA TCT ACG AGC AAT	FALSE	FALSE
86	HERV-H	RTVL-H	env62	AJ289711	env	2q24.3				TAT GTC ATC CTC TAC CTC TCC C		CCA GCA GTT GTT CAC TAA GGA	FALSE	FALSE
84	HERV-H	RTVL-H		AJ289711		2q24.3			RHGAL	CTT TTA TTA CCC AAT CTG CTC CCG AYA T	HTGAR	TTT AGT GGT GGA CAG TCT CTT TTC CAR TG	FALSE	FALSE
88	HERV-H	RTVL-H				13q33.3				CCA AAC TGC CAC TCT TAA CT		GGG AGG ATC TAG GAC ATC TAA T	FALSE	FALSE
126	HERV-T	S71	S71pCRTK-1							CCC CTA CCC TTT TTG GGG		GTA CCC CAG GTA GGA AAC TCT GGG	FALSE	FALSE
403	HERV-K	Unspecified			3'LTR						M4	GTGGGTGTTTCTCGTAAGGT	TRUE	FALSE
404	HERV-K	Unspecified			3'LTR						M5	GGACAGGCAGGAGACAGATG	TRUE	FALSE
405	HERV-K	Unspecified			3'LTR						M6	CTGAGTTGACACAGCACACG	TRUE	FALSE
222	HERV-K	Unspecified	K125		5' Flanking/3' Flanking		chr6:74042982-74043123			GAGCACCAGAATGTCTGTACC		GATGGGGCTAAATATGGAGGC	TRUE	FALSE
241	HERV-K	Unspecified	K131		5' Flanking/3' Flanking		chr17:6078917-6079053			GCCACAGGGCTACTAGAGTG		CCTAGGTGGCCAATAGAAC	TRUE	FALSE
211	HERV-K	Unspecified	K123		5'Flanking/3'Flanking		chr3:170955654-170955804			GTCAGCAGGGAAAAGACTGG		GTCCTTTTTGTCCTCTCACCC	TRUE	FALSE
400	HERV-K	Unspecified			5'LTR				M1	TGTGGGGAAAAGCAAGAGAG			TRUE	FALSE
401	HERV-K	Unspecified			5'LTR				M2	CTGTGCTGAGGAGGATTAGT			TRUE	FALSE
402	HERV-K	Unspecified			5'LTR				M3	TCCATATGCTGAACGCTGGT			TRUE	FALSE
406	HERV-K	Unspecified			5'LTR/3'LTR				M7F	AAGCCAGGTATTGTCCAAGG	M7R	CCTTGGACAATACCTGGCTT	TRUE	FALSE
407	HERV-K	Unspecified			5'LTR/3'LTR				M8F	TAAGGGAACTCAGAGGCTGG	M8R	CCAGCCTCTGAGTTCCCTTA	TRUE	FALSE
25	HERV-K	Unspecified		AC074261	env	12q14.1				CAC AAC TAA AGA AGC TGA CG		CAT AGG CCC AGT TGG TAT AG	FALSE	FALSE
39	HERV-K	Unspecified	envK1-6		env					TTT GAC TGA AGT ATT AAA AGG TGT		GTG ACT GCA ATT AAT CCC ATA ATC	FALSE	FALSE
510	HERV-K	Unspecified			env					TCGAAGCATCAAAAGCCC		GCAGACTAACAACAGACAAAAC	TRUE	FALSE
511	HERV-K	Unspecified			env					CCAGCCTCCCAAACTATAACC		AAGAGTGCAATGCAACTCC	TRUE	FALSE
516	HERV-K	Unspecified			env					GCTGCCCTGCCAAACCTGAG		CCTGAGTGACATCCCGCTTACC	TRUE	FALSE
512	HERV-K	Unspecified			gag					AAATAAGACCCAACCGCCAGTAGC		GAATTGCCATGCCTCAGTATCTCC	TRUE	FALSE
513	HERV-K	Unspecified			gag					CCCAGAAGGAAACGGAAAC		TGACCTGCTGAAAGAGGAC	TRUE	FALSE
517	HERV-K	Unspecified			gag					AAATAAGACCCAACCGCCAGTAGC		GAATTGCCATGCCTCAGTATCTCC	TRUE	FALSE
524	HERV-K	Unspecified			gag					GATATTYGTAAAGGGTTTGTGTTG		AAACTTACCRTAAAACTAACTATAAAC 	TRUE	FALSE
189	HERV-K	Unspecified			Integration/TSD/5'LTR				A1	TCT AGC GTG AAG ACG ACA GAA	T1	TCC TCC GTA TGC TGA ACG CTG GTT CC	TRUE	FALSE
190	HERV-K	Unspecified			Integration/TSD/5'LTR				A2	AGG GCG TGG TGC GGA GGG CGG T	T2	TCT CTA GAC TTT GTC TCT GTG TC	TRUE	FALSE
191	HERV-K	Unspecified			Integration/TSD/5'LTR				A2	AGG GCG TGG TGC GGA GGG CGG T	T3	CAC AGG TGT GGA GGG GCA G	TRUE	FALSE
192	HERV-K	Unspecified			Integration/TSD/LTRU3				A1	TGT AGC GTG AAG ACG ACA GAA	TU3	TGG AGT CTG YTA TGT CTW CYT CTT TCT AC	TRUE	FALSE
193	HERV-K	Unspecified			Integration/TSD/LTRU3				A2	AGG GCG TGG TGC GGA GGG CGG T	TU3	TGG AGT CTG YTA TGT CTW CYT CTT TCT AC	TRUE	FALSE
194	HERV-K	Unspecified			Integration/TSD/LTRU5				A1	TGT AGC GTG AAG ACG ACA GAA	TU5	TTS TTT CTC TAT ACT TTG TCT CTG TGT CT	TRUE	FALSE
195	HERV-K	Unspecified			Integration/TSD/LTRU5				A2	AGG GCG TGG TGC GGA GGG CGG T	TU5	TTS TTT CTC TAT ACT TTG TCT CTG TGT CT	TRUE	FALSE
40	HERV-K	Unspecified		AC006035	LTR	7q21.2				AAC CAC GTG AAT ACA CTT TCT CA		GTC CAG TTA GAC CCC TCA ACT AG	FALSE	FALSE
41	HERV-K	Unspecified		AC009132	LTR	16q22.3				ACG AGA TTG GGT AGT TAA AAT CC		TAC ACT GTA ACA TGA ATG TAC CA	FALSE	FALSE
42	HERV-K	Unspecified		AC108063	LTR	4p15.32				TCA TAG ATA GAA ACA AGG TCC TCC T		CCC CAG TGG CTC GTA CTA GAG	FALSE	FALSE
514	HERV-K	Unspecified			pol					GCCGATGAAAAAGCCCGTAAGG		TTGACACTCAGGATTGGCGTTTTC	TRUE	FALSE
515	HERV-K	Unspecified			pol					TTTGCCACTGCCCATTCTCC		AAGACCAATCTGCCATGCAC	TRUE	FALSE
518	HERV-K	Unspecified			pro					GCCGATGAAAAAGCCCGTAAGG		TTGACACTCAGGATTGGCGTTTTC	TRUE	FALSE
408	HERV-K	Unspecified			provirus				GT1F	TCTCTAGGGTGAAGGTACGC			TRUE	FALSE
409	HERV-K	Unspecified			provirus				GT2F	ATGTAGCAGAGCCGGTAATG			TRUE	FALSE
410	HERV-K	Unspecified			provirus				GT3F	CCACAGTTGAGGCCAGATAC			TRUE	FALSE
411	HERV-K	Unspecified			provirus				GT4F	AAGCCGGTAAGGTCATAGTG			TRUE	FALSE
412	HERV-K	Unspecified			provirus				GT5F	CAGCCATTTGTTCCTCAGGG			TRUE	FALSE
413	HERV-K	Unspecified			provirus				GT6F	GAAGGGTTGGTAGACACTGG			TRUE	FALSE
414	HERV-K	Unspecified			provirus				GT7F	GTAAATCAGTGGCCGCTACC			TRUE	FALSE
415	HERV-K	Unspecified			provirus				GT8F	AGAGGTTGCCAATGCTGGAC			TRUE	FALSE
416	HERV-K	Unspecified			provirus				GT9F	GGTCATTCCTTCCTCACAGT			TRUE	FALSE
417	HERV-K	Unspecified			provirus				GT10F	ACAAGGGATGTTGAGACAGC			TRUE	FALSE
418	HERV-K	Unspecified			provirus				GT11F	GCAACTTGCCAAACAGGAGA			TRUE	FALSE
419	HERV-K	Unspecified			provirus				GT12F	GAGATGGTAACACCAGTCAC			TRUE	FALSE
420	HERV-K	Unspecified			provirus				GT12F*	AACCCATCGGAGATGCAAAG			TRUE	FALSE
421	HERV-K	Unspecified			provirus				GT13F	TGTCCAAGTGCACAAGTGAG			TRUE	FALSE
422	HERV-K	Unspecified			provirus				GT14F	TGGGAGGCCTCACCATCCGT			TRUE	FALSE
423	HERV-K	Unspecified			provirus				GT15F	AGGAGTTGCTGATGGCCTCG			TRUE	FALSE
424	HERV-K	Unspecified			provirus				GT27F	GAAGTACCTACTGTCAGTCC			TRUE	FALSE
425	HERV-K	Unspecified			provirus						GT16R	TTGTTCTGGAAACCATGGGC	TRUE	FALSE
426	HERV-K	Unspecified			provirus						GT17R	ATACTGAAGTTCAGCCAGCG	TRUE	FALSE
427	HERV-K	Unspecified			provirus						GT18R	TTAACTGGAGGATTGGCAGC	TRUE	FALSE
428	HERV-K	Unspecified			provirus						GT19R	TAAGTCAGGTGGCTCTCTAC	TRUE	FALSE
429	HERV-K	Unspecified			provirus						GT20R	GGCACTCCAAGGAATTGAAG	TRUE	FALSE
430	HERV-K	Unspecified			provirus						GT21R	GAGCGGGCATGGTGATTTCC	TRUE	FALSE
431	HERV-K	Unspecified			provirus						GT22R	TTTCACAATCCTGCTCTGCC	TRUE	FALSE
432	HERV-K	Unspecified			provirus						GT23R	GTAGGAATGCCTAGAGTTGG	TRUE	FALSE
433	HERV-K	Unspecified			provirus						GT24R	AAGACCAATCTGCCATGCAC	TRUE	FALSE
434	HERV-K	Unspecified			provirus						GT25R	GCCTGTTTCCATGTGACATC	TRUE	FALSE
435	HERV-K	Unspecified			provirus						GT26R	AAGTTGCATCTGAGGAGTGG	TRUE	FALSE
436	HERV-K	Unspecified			provirus						GT27R	GGACTGACAGTAGGTACTTC	TRUE	FALSE
437	HERV-K	Unspecified			provirus						GT28R	GGTGTGAGGCCACAGTAAGC	TRUE	FALSE
438	HERV-K	Unspecified			provirus						GT29R	GTCTCCCATCCAAATGACAG	TRUE	FALSE
439	HERV-K	Unspecified			provirus						GT30R	TCTCTCTTGCTTTTCCCCAC	TRUE	FALSE
440	HERV-K	Unspecified			provirus						292R	CAGCTTCTTTAGTTGTGCC	TRUE	FALSE
520	HERV-K	Unspecified			rec					AGTTGCCATCCACCAAGAAG		CGATGGTTGCTGTCTCTTCA	TRUE	FALSE
295	HERV-K	Unspecified		AC079034					1F	cctcccggcttgaaattc	1R	cctattgctatcccaaacaatc	TRUE	FALSE
296	HERV-K	Unspecified		AC062008					2F	gaggccgagaagagcactatca	2R	ccctggagaatgaagcaggc	TRUE	FALSE
297	HERV-K	Unspecified		AC010267					3F	ttgcagccactaagtcaagg	3R	gtgatttaaagtgaggccagg	TRUE	FALSE
298	HERV-K	Unspecified		AC005867					4F	atagccttagggcttggtgat	4R	tctcctgcaggttaaggattg	TRUE	FALSE
299	HERV-K	Unspecified		AC003023					5F	catccaggctaagggcacc	5R	aactaccacccttggaaaggc	TRUE	FALSE
300	HERV-K	Unspecified		AC009858					6F	ttacgatgactctagcaattgtg	6R	ctacgcttaaacccatgcc	TRUE	FALSE
301	HERV-K	Unspecified		AL139022					7F	gtggtagaaacatgagctgtcca	7R	cacttaagacccctctaagactg	TRUE	FALSE
302	HERV-K	Unspecified		AL158039					8F	cacgtgtggacataagcaacc	8R	gctgagtcgtcctgattcttg	TRUE	FALSE
303	HERV-K	Unspecified		AC012146					9F	ctcacacacaagcgcaggtc	9R	tgcattaatgggtgtctgcc	TRUE	FALSE
304	HERV-K	Unspecified		AC068510					10F	gatgttcagtcttctttaggttatgtt	10R	ataacatcagccctcttgcatag	TRUE	FALSE
305	HERV-K	Unspecified		AC022567					11F	cttccctcatcctggttgc	11R	tcacagcaccactagatatttcc	TRUE	FALSE
306	HERV-K	Unspecified		AC027778					12F	cctgatgcatagtaagtgaacaatc	12R	cacacgcacaaatcactctgg	TRUE	FALSE
307	HERV-K	Unspecified		AL139421					13F	ggattagagcagtggaagtgttg	13R	aacagcttctatgaagtatgagctac	TRUE	FALSE
308	HERV-K	Unspecified		AB047240					14F	atactgccttctcaggtgtgg	14R	acccggccttctacgtct	TRUE	FALSE
309	HERV-K	Unspecified		AC013633					15F	agataacattcttcctctcagagagt	15R	aataattcgcttctcaataaggtc	TRUE	FALSE
310	HERV-K	Unspecified		AC006029					16F	atatgaaatcatctgcacagcc	16R	ctagccacatttcaagtgcatac	TRUE	FALSE
311	HERV-K	Unspecified		AC008553					17F	attcggcctcactacgct	17R	gtctcagataaattgttggcct	TRUE	FALSE
312	HERV-K	Unspecified		AL356736					18F	gcagcattgtcatcttggg	18R	tgcacccttgcctttcc	TRUE	FALSE
313	HERV-K	Unspecified		AP001184					19F	catacaagctggatctgcacc	19R	atcgtgccttactcacactgg	TRUE	FALSE
314	HERV-K	Unspecified		AC068566					20F	atgctggatttggtttacctg	20R	agaacagaaattataacagattgtctc	TRUE	FALSE
315	HERV-K	Unspecified		AC068014					21F	catggatgtgtatcacggatg	21R	gctcagacgctgggagc	TRUE	FALSE
316	HERV-K	Unspecified		AC074117					22F	cccatacctggcttcgatg	22R	ccagtggctgatggacacac	TRUE	FALSE
317	HERV-K	Unspecified		AC024884					24F	agcctgtcttcctaatacgcc	24R	tgttctgtttgcggttcctg	TRUE	FALSE
318	HERV-K	Unspecified		AL162412					25F	tactttgctctttacattacatagtc	25R	gattttgtcgaaggactacaag	TRUE	FALSE
319	HERV-K	Unspecified		AL139090					26F	gacctgtggtgtggaggagg	26R	tgtgtggaacctccaattacg	TRUE	FALSE
320	HERV-K	Unspecified		AL359703					27F	aacagtgaccatctcgtcaatatc	27R	tgttctgatccacgcaatcc	TRUE	FALSE
321	HERV-K	Unspecified		AC009167					28F	ccttgaggaaggactgcact	28R	cagatgggagagtcgaacag	TRUE	FALSE
322	HERV-K	Unspecified		AL158039					29F	tgcctttggcgtagacacac	29R	ttctgctgagtcgtcctgattc	TRUE	FALSE
323	HERV-K	Unspecified		AL157379					30F	tgattagcttgattagcctgatag	30R	ttgtcctcaactcttactctcaag	TRUE	FALSE
324	HERV-K	Unspecified		AJ239320					31F	tgctttctgcgctttgtgag	31R	gagcaactgatgtggaatagaagg	TRUE	FALSE
325	HERV-K	Unspecified		AC032016					32F	tggcagaacgtttgaagtg	32R	agatacaccagtacatgtataggatg	TRUE	FALSE
326	HERV-K	Unspecified		AC026957					33F	tctcaagcagcaaccctaggac	33R	gactaagccaccgcaagcc	TRUE	FALSE
327	HERV-K	Unspecified		AC023559					34F	gtcctattggtctgccagc	34R	ccaaggacaccacaccttc	TRUE	FALSE
328	HERV-K	Unspecified		AC004840					35F	tggaactcctgggatggac	35R	ggagcggaccttcatcttc	TRUE	FALSE
329	HERV-K	Unspecified		AC021294					36F	tgtggatggcctggttctc	36R	cgacagtctctcataatgcacc	TRUE	FALSE
330	HERV-K	Unspecified		AL139404					39F	cgagccacctctgaagactg	39R	ggcaccttaatctgcgatacc	TRUE	FALSE
331	HERV-K	Unspecified		AC084028					40F	ttggtaaggaatccaagagagtg	40R	ctacatattaagtggaatatcttggtg	TRUE	FALSE
163	Unspecified	Unspecified	2000062_2_L5U5		5' LTR (U5)					GCG TGG GTC CTC CCT ATG CTG AGC		AAG GGT GGC CAG CTG CTC CAC ACC T	FALSE	FALSE
95	HERV-H	Unspecified	1900007_h_L5U3		5'LTR (U3)					ATA TCC CCT ACG ACC GGC TCA TAT A		TGG GGC AGA AAC AGA TCA CAA TGG T	FALSE	FALSE
118	HERV-W	Unspecified	200261_w_L5U3		5'LTR (U3)					GCT CAC ACC CAA CCA ATC AGA GAG C		CTG GAA GGC CTG GGT TTA TAT CGC A	FALSE	FALSE
161	Unspecified	Unspecified	1100414_2_L5U3		5'LTR (U3)					AGC TCA ACA AAC ACT TCC ATG CTC A		TCC TGC ACC GCC CTT AAT CCA TTC A	FALSE	FALSE
119	HERV-W	Unspecified	200261_w_L5U5		5'LTR (U5)					ATA ACA CTC ACC TGG CAT GGC CCA G		ACT TCC AAG ATG GTG GCT AGC AGC T	FALSE	FALSE
162	Unspecified	Unspecified	1100414_2_L5U5		5'LTR (U5)					TGG TTC CCC GGT TCC CCT TAT TTC T		CCT ACA CAC CTG TGG GTG TTT CTC A	FALSE	FALSE
83	HERV-E	Unspecified	envE		env					ACT GGC CTT TTC CTA GGT GAT AC		TAC TAT TAA TGG CTG CAC AAG CA	FALSE	FALSE
87	HERV-H	Unspecified	envH1-3		env					TCC CCA GAC ATT TCA CAT CAG		GAG CGG CCA CAG GAA TAC TA	FALSE	FALSE
89	HERV-H	Unspecified	envH2		env					ACT ACA CAC ATC ACT GAA ACA AA		GGA TGG AGT GAA ATA CAG GAC	FALSE	FALSE
90	HERV-H	Unspecified	envH3		env					CCC TCC TCC ACA TTT ATT TG		GTT GGG CTT TGG AGA TGG	FALSE	FALSE
94	HERV-H	Unspecified	1400177_h_env		env					TCC AAA ACC ATA TGC AGT CCA TCA C		AGC TGA AGG GAG GTC TTG TGG TAA G	FALSE	FALSE
98	HERV-H	Unspecified	1900006_h_env		env					CCA CCG AGG CCT TGA CTG ACT		GGG AGG GCC CAGG ACA TCC AA	FALSE	FALSE
104	HERV-W	Unspecified			env					CCA ATG CAT CAG GTG GGT AAC		GAG GTA CCA CAG ACA AAA AAT ATT CCT	FALSE	FALSE
105	HERV-W	Unspecified			env					TTC ACT GCC CAC ACC CAT		GAG GTA CCA CAG ACA AAA AAT ATT CCT	FALSE	FALSE
106	HERV-W	Unspecified			env					CGG ACA TCC AAA GTG ATA CAT CCT		TGA TGT ATC CAA GAC TCC ACT CCA	FALSE	FALSE
107	HERV-W	Unspecified			env					CGG ACA TCC AAA GTG ATA CAT CCT		GCC ATG GGG ATT TAT GAT TTT AG	FALSE	FALSE
108	HERV-W	Unspecified			env					CGG ACA TCC AAA GTG ATA CAT CCT		GAG GGC CAT GGG GAT TTA TGA	FALSE	FALSE
109	HERV-W	Unspecified			env					CGG ACA TCC AAA GTG ATA CAT CCT		GAT AAG GGA GGG CCA TGG GG	FALSE	FALSE
110	HERV-W	Unspecified		AF072506	env					TCA TAT CTA AGC CCC GCA AC		GAG GTT GTG ATA CCG CCA AT	FALSE	FALSE
111	HERV-W	Unspecified	"ERVWE-1;env(C7); syncytin-1"	AF156963	env	7q21.2				ATA CAA CGT AGA GCA GAG GAG CTT		TAG AGG TCC TAA GAA GGG GAG AAT	FALSE	FALSE
112	HERV-W	Unspecified	"ERVWE-1;env(C7); syncytin-1"	AF156963	env	7q21.2				ACT TTG TCT CTT CCA GAA TCG		GCG GTA GAT CTT AGT CTT GG	FALSE	FALSE
113	HERV-W	Unspecified	"ERVWE-1;env(C7); syncytin-1"	AF156963	env	7q21.2				ATG GAG CCC AAG ATG CAG		AGA TCG TGG GCT AGC AG	FALSE	FALSE
114	HERV-W	Unspecified	MSRV	AF331500	env					CTT CCA GAA TTG AAG CTG TAA AGC		GGG TTG TGC AGT TGA GAT TTC C	FALSE	FALSE
115	HERV-W	Unspecified	envW2		env					GCT ACA AAT GGT TCT TCA AAT GGA G		ACA AGG GCT AGC AGG CT	FALSE	FALSE
116	HERV-W	Unspecified	envW		env					CCC CAT CGT ATA GGA GTC TT		CCC CAT CAG ACA TAC CAG TT	FALSE	FALSE
117	HERV-W	Unspecified	200261_w_env		env					TTG TCT CTT CTG GAA TCA AAG CTG C		TGC AAT TGA GAT TTC CTC GGG AGG G	FALSE	FALSE
120	HERV-P	Unspecified	syncytin-3	DQ247958	env	14q32.12				CAA GAT TGG GTC CCC TCA C		CCT ATG GGG TCT TTC CCT C	FALSE	FALSE
121	HERV-P	Unspecified	syncytin-3	DQ247958	env	14q32.12				TTA GCC ACA AAT TCT GGG ATA ACT		AGA GGT AAC AAT AGA GGC CAT GAG	FALSE	FALSE
123	HERV-FRD	Unspecified	envFRD		env					GCC TGC AAA TAG TCT TCT TT		ATA GGG GCT ATT CCC ATT AG	FALSE	FALSE
124	HERV-V	Unspecified	envV1		env	19q13.41				GTG GCT CCA TAA CTT TGG AAA A		TAA GTG CAG CTG GTC CCA GTA	FALSE	FALSE
125	HERV-V	Unspecified	envV2		env	19q13.41				TGT GTC TCT TCT AGG ATA AAG CAA TTT		AGG GGG AGA TGT GCT TAT AGG T	FALSE	FALSE
128	HERV-T	Unspecified	envT		env					AGG ATT TGA TGT TGG GAC TAT GTT		GGT GTT TCT GGA ATA TAG GGT CAC	FALSE	FALSE
129	HERV-T	Unspecified			env					CCA GGA TTT GAT GTT GGG		GGG GTG AGG TTA AGG AGA TGG	FALSE	FALSE
133	HERV-R(b)	Unspecified	envR(b)		env					CAC TAA GGG ACA CTT AAG CCA GAT		AGT ATA GTA TGT CGG CAC TGT CCA	FALSE	FALSE
134	HERV-R(b)	Unspecified	envR(b)		env					GGA CAG TGC CGA CAT ACT AT		TAG AGT GCA GCA TCC TAA CC	FALSE	FALSE
160	Unspecified	Unspecified	1100414_2_env		env					GGC CTA TGT GCC TTT CCC GCC		TCC TGG TGC TGT CCC TAA GCA A	FALSE	FALSE
132	ERV9	Unspecified			env (TM - immunosupressive region)				CDTML1	GAC TCT TTT GCT GAA GTT GTT CTC CAR AA	CDTMR2	ATT CCT GAT TGG TTT GCA TAA AAA CAR CA	FALSE	FALSE
80	HERV-E	Unspecified			gag				MLGAL2	CAT CAA CCT ACT TGG GAT GAT TGT CAR CA	MLGAR	CAA TGA CCT TTT TCT TTA CAG TAG GCR CA	FALSE	FALSE
81	HERV-E	Unspecified			gag				41GAL	AAC CCC ACT TGG GCT GAT TGC CAC CA	MLGAR	CAA TGA CCT TTT TCT TTA CAG TAG GCR CA	FALSE	FALSE
91	HERV-H	Unspecified	X00041_h_gag		gag					CAG GCG TTG CTG AGT GTG TCT AAT C		TGG AGC CTG AGG AAG AAT TGG GAC C	FALSE	FALSE
92	HERV-H	Unspecified	1400177_h_gag		gag					TTC CTA GTC TTT GTC CCC AAT GCA A		AGG TGT GAG GAG GCG AGG TGA TAA A	FALSE	FALSE
96	HERV-H	Unspecified	1900006_h_gag		gag					GGT GCC TGA AGT CCA TCA GTC CCT T		GCA GGA GCA GAG GCT GAG GAA GAA T	FALSE	FALSE
99	HERV-H	Unspecified	2000045_h_gag		gag					CCC AAG CGG CGC TGA GTC TT		TGG GAT GAA GGG AGG GGA GGC	FALSE	FALSE
103	HERV-W	Unspecified			gag					TCA GGT CAA CAA TAG GAT GAC AAC A		CAA TGA GGG TCT ACA CTG GGA ACT	FALSE	FALSE
158	Unspecified	Unspecified			gag	5p13				CCT GAG GGC CAT GAC TAA AGA G		CCG CCT TAG GCC CAG AGT	FALSE	FALSE
159	Unspecified	Unspecified			gag	11q13				GTT TGC GGC ACC AAT CTG T		CGA TCT CTG GTA TCT CAG GTC AAT G	FALSE	FALSE
82	HERV-E	Unspecified		AY208746	pol	Xq21.32				GTC ATT TGT ATT CTA CCG GAG		AAT ACT GCA AAG TTT GGG AC	FALSE	FALSE
93	HERV-H	Unspecified	1400177_h_pol		pol					CAC GGT AGA AGG TAG TAA GCG CGT C		GCG GCA ATG AGA TGT GGC TGT AGT C	FALSE	FALSE
97	HERV-H	Unspecified	1900006_h_pol		pol					TCC CCA GCC CAA AGC TTC CTT CAC G		GCG TTG AGC GGG GTA AGG GTG ATT A	FALSE	FALSE
100	HERV-H	Unspecified	2000045_h_pol		pol					TAC AGC ATG GGC ACC TAT AAA CTC T		TAA GTG AAG GCA AAG AGA GGC TGG G	FALSE	FALSE
101	HERV-W	Unspecified								GCC CCA TCG TAT AGG AGT CTT TC		AGT GGC AGA GTG ATA GCA GTT G	FALSE	FALSE
102	HERV-W	Unspecified								GGC CAG GCA TCA GCC CAA GAC TTG		CTT TAG GGC CTG GAA AGC CAC T	FALSE	FALSE
122	HERV-FRD	Unspecified	syncytin-2	NM_207582		6p24.1				TTG GGT AAA TCA ATC AGG AAA AGT		GTA AAC TGG AGG CTT GAT TTA GGA	FALSE	FALSE
130	ERV9	Unspecified								CCC TCA TCT GTT TGG TCA GGC CC		CCT CAA CTG TTT TAA TGT CTT AGG GCG AGG	FALSE	FALSE
131	ERV9	Unspecified	seq59							CAG GCA CAG GCC CAA GAT CTA GTT C		GTG CTG AGG GCC CTG GTT CCT CTG G	FALSE	FALSE
135	HERV-Fc1	Unspecified								CTC CCC ATC TCT CTG GTG C		TGA GGA GGC TGG TTT CTC TAA G	FALSE	FALSE
136	HERV-Fc1	Unspecified	envFc1							GCT ACA CCA CTC CTA ACT CAT CCT		TTG TAA GGG TGA AGT TAC ACC AGA	FALSE	FALSE
137	HERV-Fc2	Unspecified	envFc2							CTC CAT TAG TAG CAG TTC CTC TCC		GAG AAT AGT GGG ACC TGT CCT TT	FALSE	FALSE
164	Unspecified	Unspecified	768							GAC ATG GGT AGT GAG GAT GAA AG		GAG GCA GAA ATG GGC ATA AGA	FALSE	FALSE
165	Unspecified	Unspecified	1043							CCA ACT GTC CCT AAC CCT TAA A		GGG TCA GAG GAA TAG CAA AGA A	FALSE	FALSE
166	Unspecified	Unspecified	1114							GTG ATG AAG TTG TTC CTG TTT AG		CAT ACA GTT GAG TGG GAG TAA A	FALSE	FALSE
167	Unspecified	Unspecified	2003							CCA GTC AGG TAT AGT ACG AGA T		CAA CTC CAG AGG TTG GTA TAA G	FALSE	FALSE
168	Unspecified	Unspecified	2187							GAG CCA GGG TAA ATG TCT TC		GAG CAT TCC AGC TTC GTA TTA	FALSE	FALSE
169	Unspecified	Unspecified	2744							GAC CAG ACC GTT AGA AGA ATA AG		GCC CTT GGT TTC CTG AAT AA	FALSE	FALSE
170	Unspecified	Unspecified	3340							CTG GGT TCT GTG TCT CTT TG		GAC ATC AGA TGA GCA GGA TAA G	FALSE	FALSE
171	Unspecified	Unspecified	3409							CAG AAG CGG GTA GAT GAA ATA G		CTT ATG TAG CCC TCC CAA ATC	FALSE	FALSE
172	Unspecified	Unspecified	4059							CCC ATG GAA AGA GGT GTA TTT		GGG CCT TTA AGA GGT GAT TAG	FALSE	FALSE
173	Unspecified	Unspecified	4452							GAG CAA TCC CGC CAA TAA		GAC TGC CCA AAG GAA TCT AC	FALSE	FALSE
174	Unspecified	Unspecified	4503							TCA GTC AGC CCT TGT TTA TTC		CAA GTG CCA CTC CAG TTA TT	FALSE	FALSE
175	Unspecified	Unspecified	4585							TCC TCA ATA CCT GCC TCT ATA A		GGA TGA AGG GTG CAA AGA A	FALSE	FALSE
176	Unspecified	Unspecified	4627							GGG AAC TGA AGC CTG TTA TC		TTC TGG ATG GGT AGG ATA GG	FALSE	FALSE
177	Unspecified	Unspecified	4699/4700							CCT TCC ATC ACT CTT CCT AAT G		GAC CCT GAA ATA GGT GGA TAA A	FALSE	FALSE
178	Unspecified	Unspecified	5346							GAC AGG CAG TAA ATA CCC ATT A		GGA GTA GGA CAG AGT GTA GAA	FALSE	FALSE
179	Unspecified	Unspecified	5361							GAG ACC AAA GTG CCG ATA AG		GGA GTC TGG ACA TCT GGA ATA	FALSE	FALSE
460	HERV-H	Unspecified				1q41	chr1:222146420-223203497			TACTCTTTTCGTCAACACCCTGTAGATCGTC		AGTGTTCTGCTCTCTGTGCCTCCTCTAAAA	TRUE	FALSE
461	HERV-H	Unspecified				2p12	chr2:75440857-76806830			GTTGCTTCTCTGATCACCCACAGATCACAT		GCTCCTGAAAGAGCTCAAAGAACACCTGAGTA	TRUE	FALSE
462	HERV-H	Unspecified				2p12	chr2:77315373-78197976			GGTCTTGCCTGAACAAAGAGGAGAAAAGAG		GGTTAACACACGCAATTTCTATAGGCAGTA	TRUE	FALSE
463	HERV-H	Unspecified				2p12	chr2:77315373-78197976			AAGTTGACAAGCAAGCTGACAAAGGGAAAC		GCAAACAGAAACAATCCGAAAAGAGTCAGC	TRUE	FALSE
464	HERV-H	Unspecified				11q24.3	chr11:130434282-130629032			GAGCATTGCCTATGAACCCCACTAGTTATG		GACAAAATCACTGAGATCTGGAAGGGAGGT	TRUE	FALSE
465	HERV-H	Unspecified				11q24.3	chr11:130434282-130629032			TGGAGCCTCCTCATCAAAGGTTTTTAAGTC		GTATTTCTGTCTGCTGTAGCCAAGGGAAAAG	TRUE	FALSE